,PassengerId,Survived,Pclass,Sex,Master,Miss,Mr,Mrs,Others,Family,Fare-bin,Age-bin,Ticket_1,Ticket_2,Ticket_3,Ticket_4,Ticket_C,Ticket_P,Ticket_S
0,1,0.0,3,0,0,0,1,0,0,2,1,4,0,0,0,1,0,0,0
1,2,1.0,1,1,0,0,0,1,0,2,5,5,0,0,0,0,0,1,0
2,3,1.0,3,1,0,1,0,0,0,1,2,4,0,0,0,0,0,0,1
3,4,1.0,1,1,0,0,0,1,0,2,5,5,1,0,0,0,0,0,0
4,5,0.0,3,0,0,0,1,0,0,1,2,5,0,0,1,0,0,0,0
5,6,0.0,3,0,0,0,1,0,0,1,2,4,0,0,1,0,0,0,0
6,7,0.0,1,0,0,0,1,0,0,1,5,6,1,0,0,0,0,0,0
7,8,0.0,3,0,1,0,0,0,0,0,3,1,0,0,1,0,0,0,0
8,9,1.0,3,1,0,0,0,1,0,3,3,4,0,0,1,0,0,0,0
9,10,1.0,2,1,0,0,0,1,0,2,4,3,0,1,0,0,0,0,0
10,11,1.0,3,1,0,1,0,0,0,3,3,1,0,0,0,0,0,1,0
11,12,1.0,1,1,0,1,0,0,0,1,4,6,1,0,0,0,0,0,0
12,13,0.0,3,0,0,0,1,0,0,1,2,4,0,0,0,1,0,0,0
13,14,0.0,3,0,0,0,1,0,0,0,4,5,0,0,1,0,0,0,0
14,15,0.0,3,1,0,1,0,0,0,1,1,3,0,0,1,0,0,0,0
15,16,1.0,2,1,0,0,0,1,0,1,3,6,0,1,0,0,0,0,0
16,17,0.0,3,0,1,0,0,0,0,0,4,1,0,0,1,0,0,0,0
17,18,1.0,2,0,0,0,1,0,0,1,3,5,0,1,0,0,0,0,0
18,19,0.0,3,1,0,0,0,1,0,2,3,5,0,0,1,0,0,0,0
19,20,1.0,3,1,0,0,0,1,0,1,1,5,0,1,0,0,0,0,0
20,21,0.0,2,0,0,0,1,0,0,1,4,5,0,1,0,0,0,0,0
21,22,1.0,2,0,0,0,1,0,0,1,3,5,0,1,0,0,0,0,0
22,23,1.0,3,1,0,1,0,0,0,1,2,3,0,0,1,0,0,0,0
23,24,1.0,1,0,0,0,1,0,0,1,4,4,1,0,0,0,0,0,0
24,25,0.0,3,1,0,1,0,0,0,0,3,2,0,0,1,0,0,0,0
25,26,1.0,3,1,0,0,0,1,0,0,4,5,0,0,1,0,0,0,0
26,27,0.0,3,0,0,0,1,0,0,1,1,4,0,1,0,0,0,0,0
27,28,0.0,1,0,0,0,1,0,0,0,5,4,1,0,0,0,0,0,0
28,29,1.0,3,1,0,1,0,0,0,1,2,4,0,0,1,0,0,0,0
29,30,0.0,3,0,0,0,1,0,0,1,2,4,0,0,1,0,0,0,0
30,31,0.0,1,0,0,0,0,0,1,1,4,5,0,0,0,0,0,1,0
31,32,1.0,1,1,0,0,0,1,0,2,5,5,0,0,0,0,0,1,0
32,33,1.0,3,1,0,1,0,0,0,1,1,4,0,0,1,0,0,0,0
33,34,0.0,2,0,0,0,1,0,0,1,2,7,0,0,0,0,1,0,0
34,35,0.0,1,0,0,0,1,0,0,2,5,4,0,0,0,0,0,1,0
35,36,0.0,1,0,0,0,1,0,0,2,5,5,1,0,0,0,0,0,0
36,37,1.0,3,0,0,0,1,0,0,1,1,4,0,1,0,0,0,0,0
37,38,0.0,3,0,0,0,1,0,0,1,2,4,0,0,0,1,0,0,0
38,39,0.0,3,1,0,1,0,0,0,3,3,3,0,0,1,0,0,0,0
39,40,1.0,3,1,0,1,0,0,0,2,3,3,0,1,0,0,0,0,0
40,41,0.0,3,1,0,0,0,1,0,2,2,5,0,0,0,1,0,0,0
41,42,0.0,2,1,0,0,0,1,0,2,3,4,1,0,0,0,0,0,0
42,43,0.0,3,0,0,0,1,0,0,1,2,4,0,0,1,0,0,0,0
43,44,1.0,2,1,0,1,0,0,0,4,4,1,0,0,0,0,0,0,1
44,45,1.0,3,1,0,1,0,0,0,1,2,4,0,0,1,0,0,0,0
45,46,0.0,3,0,0,0,1,0,0,1,2,4,0,0,0,0,0,0,1
46,47,0.0,3,0,0,0,1,0,0,2,3,4,0,0,1,0,0,0,0
47,48,1.0,3,1,0,1,0,0,0,1,1,4,1,0,0,0,0,0,0
48,49,0.0,3,0,0,0,1,0,0,3,4,4,0,1,0,0,0,0,0
49,50,0.0,3,1,0,0,0,1,0,2,3,3,0,0,1,0,0,0,0
50,51,0.0,3,0,1,0,0,0,0,0,4,2,0,0,1,0,0,0,0
51,52,0.0,3,0,0,0,1,0,0,1,1,4,0,0,0,1,0,0,0
52,53,1.0,1,1,0,0,0,1,0,2,5,5,0,0,0,0,0,1,0
53,54,1.0,2,1,0,0,0,1,0,2,4,4,0,1,0,0,0,0,0
54,55,0.0,1,0,0,0,1,0,0,2,5,6,1,0,0,0,0,0,0
55,56,1.0,1,0,0,0,1,0,0,1,4,5,1,0,0,0,0,0,0
56,57,1.0,2,1,0,1,0,0,0,1,2,4,0,0,0,0,1,0,0
57,58,0.0,3,0,0,0,1,0,0,1,1,4,0,1,0,0,0,0,0
58,59,1.0,2,1,0,1,0,0,0,4,4,2,0,0,0,0,1,0,0
59,60,0.0,3,0,1,0,0,0,0,0,5,2,0,0,0,0,1,0,0
60,61,0.0,3,0,0,0,1,0,0,1,1,4,0,1,0,0,0,0,0
61,62,1.0,1,1,0,1,0,0,0,1,5,5,1,0,0,0,0,0,0
62,63,0.0,1,0,0,0,1,0,0,2,5,5,0,0,1,0,0,0,0
63,64,0.0,3,0,1,0,0,0,0,0,4,1,0,0,1,0,0,0,0
64,65,0.0,1,0,0,0,1,0,0,1,4,5,0,0,0,0,0,1,0
65,66,1.0,3,0,1,0,0,0,0,3,3,2,0,1,0,0,0,0,0
66,67,1.0,2,1,0,0,0,1,0,1,2,4,0,0,0,0,1,0,0
67,68,0.0,3,0,0,0,1,0,0,1,2,4,0,0,0,0,0,0,1
68,69,1.0,3,1,0,1,0,0,0,0,2,3,0,0,1,0,0,0,0
69,70,0.0,3,0,0,0,1,0,0,3,2,4,0,0,1,0,0,0,0
70,71,0.0,2,0,0,0,1,0,0,1,2,5,0,0,0,0,1,0,0
71,72,0.0,3,1,0,1,0,0,0,0,5,3,0,0,0,0,1,0,0
72,73,0.0,2,0,0,0,1,0,0,1,5,4,0,0,0,0,0,0,1
73,74,0.0,3,0,0,0,1,0,0,2,3,4,0,1,0,0,0,0,0
74,75,1.0,3,0,0,0,1,0,0,1,5,5,1,0,0,0,0,0,0
75,76,0.0,3,0,0,0,1,0,0,1,1,4,0,0,1,0,0,0,0
76,77,0.0,3,0,0,0,1,0,0,1,2,4,0,0,1,0,0,0,0
77,78,0.0,3,0,0,0,1,0,0,1,2,4,0,0,1,0,0,0,0
78,79,1.0,2,0,1,0,0,0,0,3,4,1,0,1,0,0,0,0,0
79,80,1.0,3,1,0,1,0,0,0,1,3,4,0,0,1,0,0,0,0
80,81,0.0,3,0,0,0,1,0,0,1,2,4,0,0,1,0,0,0,0
81,82,1.0,3,0,0,0,1,0,0,1,2,4,0,0,1,0,0,0,0
82,83,1.0,3,1,0,1,0,0,0,1,1,4,0,0,1,0,0,0,0
83,84,0.0,1,0,0,0,1,0,0,1,5,4,1,0,0,0,0,0,0
84,85,1.0,2,1,0,1,0,0,0,1,2,3,0,0,0,0,0,0,1
85,86,1.0,3,1,0,0,0,1,0,4,3,5,0,0,1,0,0,0,0
86,87,0.0,3,0,0,0,1,0,0,0,4,3,0,0,0,1,0,0,0
87,88,0.0,3,0,0,0,1,0,0,1,2,4,0,0,0,0,0,0,1
88,89,1.0,1,1,0,1,0,0,0,0,5,4,1,0,0,0,0,0,0
89,90,0.0,3,0,0,0,1,0,0,1,2,4,0,0,1,0,0,0,0
90,91,0.0,3,0,0,0,1,0,0,1,2,4,0,0,1,0,0,0,0
91,92,0.0,3,0,0,0,1,0,0,1,1,4,0,0,1,0,0,0,0
92,93,0.0,1,0,0,0,1,0,0,2,5,5,0,0,0,1,0,0,0
93,94,0.0,3,0,0,0,1,0,0,4,3,4,0,0,0,0,1,0,0
94,95,0.0,3,0,0,0,1,0,0,1,1,6,0,0,1,0,0,0,0
95,96,0.0,3,0,0,0,1,0,0,1,2,4,0,0,1,0,0,0,0
96,97,0.0,1,0,0,0,1,0,0,1,4,7,0,0,0,0,0,1,0
97,98,1.0,1,0,0,0,1,0,0,2,5,4,0,0,0,0,0,1,0
98,99,1.0,2,1,0,0,0,1,0,2,4,5,0,1,0,0,0,0,0
99,100,0.0,2,0,0,0,1,0,0,2,4,5,0,1,0,0,0,0,0
100,101,0.0,3,1,0,1,0,0,0,1,2,4,0,0,1,0,0,0,0
101,102,0.0,3,0,0,0,1,0,0,1,2,4,0,0,1,0,0,0,0
102,103,0.0,1,0,0,0,1,0,0,2,5,4,0,0,1,0,0,0,0
103,104,0.0,3,0,0,0,1,0,0,1,2,5,0,0,0,1,0,0,0
104,105,0.0,3,0,0,0,1,0,0,3,2,5,0,0,1,0,0,0,0
105,106,0.0,3,0,0,0,1,0,0,1,2,4,0,0,1,0,0,0,0
106,107,1.0,3,1,0,1,0,0,0,1,1,4,0,0,1,0,0,0,0
107,108,1.0,3,0,0,0,1,0,0,1,1,4,0,0,1,0,0,0,0
108,109,0.0,3,0,0,0,1,0,0,1,2,5,0,0,1,0,0,0,0
109,110,1.0,3,1,0,1,0,0,0,2,4,2,0,0,1,0,0,0,0
110,111,0.0,1,0,0,0,1,0,0,1,5,5,1,0,0,0,0,0,0
111,112,0.0,3,1,0,1,0,0,0,2,3,3,0,1,0,0,0,0,0
112,113,0.0,3,0,0,0,1,0,0,1,2,4,0,0,1,0,0,0,0
113,114,0.0,3,1,0,1,0,0,0,2,2,4,0,0,0,1,0,0,0
114,115,0.0,3,1,0,1,0,0,0,1,3,3,0,1,0,0,0,0,0
115,116,0.0,3,0,0,0,1,0,0,1,2,4,0,0,0,0,0,0,1
116,117,0.0,3,0,0,0,1,0,0,1,1,7,0,0,1,0,0,0,0
117,118,0.0,2,0,0,0,1,0,0,2,3,4,1,0,0,0,0,0,0
118,119,0.0,1,0,0,0,1,0,0,2,5,4,0,0,0,0,0,1,0
119,120,0.0,3,1,0,1,0,0,0,0,4,1,0,0,1,0,0,0,0
120,121,0.0,2,0,0,0,1,0,0,3,5,4,0,0,0,0,0,0,1
121,122,0.0,3,0,0,0,1,0,0,1,2,4,0,0,0,1,0,0,0
122,123,0.0,2,0,0,0,1,0,0,2,4,5,0,1,0,0,0,0,0
123,124,1.0,2,1,0,1,0,0,0,1,3,5,0,1,0,0,0,0,0
124,125,0.0,1,0,0,0,1,0,0,2,5,6,0,0,1,0,0,0,0
125,126,1.0,3,0,1,0,0,0,0,2,3,2,0,1,0,0,0,0,0
126,127,0.0,3,0,0,0,1,0,0,1,1,4,0,0,1,0,0,0,0
127,128,1.0,3,0,0,0,1,0,0,1,1,4,0,0,0,0,1,0,0
128,129,1.0,3,1,0,1,0,0,0,3,4,2,0,1,0,0,0,0,0
129,130,0.0,3,0,0,0,1,0,0,1,1,5,0,0,1,0,0,0,0
130,131,0.0,3,0,0,0,1,0,0,1,2,5,0,0,1,0,0,0,0
131,132,0.0,3,0,0,0,1,0,0,1,1,4,0,0,0,0,0,0,1
132,133,0.0,3,1,0,0,0,1,0,2,3,5,0,0,0,1,0,0,0
133,134,1.0,2,1,0,0,0,1,0,2,4,4,0,1,0,0,0,0,0
134,135,0.0,2,0,0,0,1,0,0,1,3,4,0,0,0,0,1,0,0
135,136,0.0,2,0,0,0,1,0,0,1,3,4,0,0,0,0,0,0,1
136,137,1.0,1,1,0,1,0,0,0,3,4,4,1,0,0,0,0,0,0
137,138,0.0,1,0,0,0,1,0,0,2,5,5,1,0,0,0,0,0,0
138,139,0.0,3,0,0,0,1,0,0,1,2,3,0,0,0,1,0,0,0
139,140,0.0,1,0,0,0,1,0,0,1,5,4,0,0,0,0,0,1,0
140,141,0.0,3,1,0,0,0,1,0,3,3,5,0,1,0,0,0,0,0
141,142,1.0,3,1,0,1,0,0,0,1,1,4,0,0,1,0,0,0,0
142,143,1.0,3,1,0,0,0,1,0,2,3,4,0,0,0,0,0,0,1
143,144,0.0,3,0,0,0,1,0,0,1,1,4,0,0,1,0,0,0,0
144,145,0.0,2,0,0,0,1,0,0,1,3,3,0,1,0,0,0,0,0
145,146,0.0,2,0,0,0,1,0,0,3,4,4,0,0,0,0,1,0,0
146,147,1.0,3,0,0,0,1,0,0,1,1,4,0,0,1,0,0,0,0
147,148,0.0,3,1,0,1,0,0,0,0,4,2,0,0,0,1,0,0,0
148,149,0.0,2,0,0,0,1,0,0,3,4,5,0,1,0,0,0,0,0
149,150,0.0,2,0,0,0,0,0,1,1,3,5,0,1,0,0,0,0,0
150,151,0.0,2,0,0,0,0,0,1,1,3,6,0,0,0,0,0,0,1
151,152,1.0,1,1,0,0,0,1,0,2,5,4,1,0,0,0,0,0,0
152,153,0.0,3,0,0,0,1,0,0,1,2,6,0,0,0,1,0,0,0
153,154,0.0,3,0,0,0,1,0,0,3,3,5,0,0,0,1,0,0,0
154,155,0.0,3,0,0,0,1,0,0,1,1,4,0,0,0,1,0,0,0
155,156,0.0,1,0,0,0,1,0,0,2,5,6,0,0,0,0,0,1,0
156,157,1.0,3,1,0,1,0,0,0,1,1,3,0,0,1,0,0,0,0
157,158,0.0,3,0,0,0,1,0,0,1,2,4,0,0,0,0,0,0,1
158,159,0.0,3,0,0,0,1,0,0,1,2,4,0,0,1,0,0,0,0
159,160,0.0,3,0,1,0,0,0,0,0,5,2,0,0,0,0,1,0,0
160,161,0.0,3,0,0,0,1,0,0,2,3,5,0,0,1,0,0,0,0
161,162,1.0,2,1,0,0,0,1,0,1,3,5,0,0,0,0,1,0,0
162,163,0.0,3,0,0,0,1,0,0,1,1,4,0,0,1,0,0,0,0
163,164,0.0,3,0,0,0,1,0,0,1,2,3,0,0,1,0,0,0,0
164,165,0.0,3,0,1,0,0,0,0,0,4,1,0,0,1,0,0,0,0
165,166,1.0,3,0,1,0,0,0,0,3,3,2,0,0,1,0,0,0,0
166,167,1.0,1,1,0,0,0,1,0,2,5,5,1,0,0,0,0,0,0
167,168,0.0,3,1,0,0,0,1,0,0,4,5,0,0,1,0,0,0,0
168,169,0.0,1,0,0,0,1,0,0,1,4,5,0,0,0,0,0,1,0
169,170,0.0,3,0,0,0,1,0,0,1,5,4,1,0,0,0,0,0,0
170,171,0.0,1,0,0,0,1,0,0,1,4,6,1,0,0,0,0,0,0
171,172,0.0,3,0,1,0,0,0,0,0,4,1,0,0,1,0,0,0,0
172,173,1.0,3,1,0,1,0,0,0,3,3,1,0,0,1,0,0,0,0
173,174,0.0,3,0,0,0,1,0,0,1,2,4,0,0,0,0,0,0,1
174,175,0.0,1,0,0,0,1,0,0,1,4,6,1,0,0,0,0,0,0
175,176,0.0,3,0,0,0,1,0,0,3,1,3,0,0,1,0,0,0,0
176,177,0.0,3,0,1,0,0,0,0,0,4,2,0,0,0,1,0,0,0
177,178,0.0,1,1,0,1,0,0,0,1,4,5,0,0,0,0,0,1,0
178,179,0.0,2,0,0,0,1,0,0,1,3,4,0,1,0,0,0,0,0
179,180,0.0,3,0,0,0,1,0,0,1,1,5,0,0,0,1,0,0,0
180,181,0.0,3,1,0,1,0,0,0,0,5,3,0,0,0,0,1,0,0
181,182,0.0,2,0,0,0,1,0,0,1,3,5,0,0,0,0,0,0,1
182,183,0.0,3,0,1,0,0,0,0,0,4,2,0,0,1,0,0,0,0
183,184,1.0,2,0,1,0,0,0,0,4,4,1,0,1,0,0,0,0,0
184,185,1.0,3,1,0,1,0,0,0,3,4,1,0,0,1,0,0,0,0
185,186,0.0,1,0,0,0,1,0,0,1,5,5,1,0,0,0,0,0,0
186,187,1.0,3,1,0,0,0,1,0,2,3,4,0,0,1,0,0,0,0
187,188,1.0,1,0,0,0,1,0,0,1,4,5,1,0,0,0,0,0,0
188,189,0.0,3,0,0,0,1,0,0,3,3,5,0,0,1,0,0,0,0
189,190,0.0,3,0,0,0,1,0,0,1,2,5,0,0,1,0,0,0,0
190,191,1.0,2,1,0,0,0,1,0,1,3,5,0,1,0,0,0,0,0
191,192,0.0,2,0,0,0,1,0,0,1,3,4,0,1,0,0,0,0,0
192,193,1.0,3,1,0,1,0,0,0,2,1,4,0,0,1,0,0,0,0
193,194,1.0,2,0,1,0,0,0,0,3,4,1,0,1,0,0,0,0,0
194,195,1.0,1,1,0,0,0,1,0,1,4,5,0,0,0,0,0,1,0
195,196,1.0,1,1,0,1,0,0,0,1,5,6,0,0,0,0,0,1,0
196,197,0.0,3,0,0,0,1,0,0,1,1,4,0,0,1,0,0,0,0
197,198,0.0,3,0,0,0,1,0,0,2,2,5,0,0,0,1,0,0,0
198,199,1.0,3,1,0,1,0,0,0,1,1,4,0,0,1,0,0,0,0
199,200,0.0,2,1,0,1,0,0,0,1,3,4,0,1,0,0,0,0,0
200,201,0.0,3,0,0,0,1,0,0,1,2,4,0,0,1,0,0,0,0
201,202,0.0,3,0,0,0,1,0,0,0,5,3,0,0,0,0,1,0,0
202,203,0.0,3,0,0,0,1,0,0,1,1,5,0,0,1,0,0,0,0
203,204,0.0,3,0,0,0,1,0,0,1,1,5,0,1,0,0,0,0,0
204,205,1.0,3,0,0,0,1,0,0,1,2,3,0,0,0,1,0,0,0
205,206,0.0,3,1,0,1,0,0,0,2,2,1,0,0,1,0,0,0,0
206,207,0.0,3,0,0,0,1,0,0,2,3,5,0,0,1,0,0,0,0
207,208,1.0,3,0,0,0,1,0,0,1,3,4,0,1,0,0,0,0,0
208,209,1.0,3,1,0,1,0,0,0,1,1,3,0,0,1,0,0,0,0
209,210,1.0,1,0,0,0,1,0,0,1,4,5,1,0,0,0,0,0,0
210,211,0.0,3,0,0,0,1,0,0,1,1,4,0,0,0,0,0,0,1
211,212,1.0,2,1,0,1,0,0,0,1,3,5,0,0,0,1,0,0,0
212,213,0.0,3,0,0,0,1,0,0,1,1,4,0,0,0,1,0,0,0
213,214,0.0,2,0,0,0,1,0,0,1,3,4,0,1,0,0,0,0,0
214,215,0.0,3,0,0,0,1,0,0,2,1,4,0,0,1,0,0,0,0
215,216,1.0,1,1,0,1,0,0,0,2,5,5,0,0,1,0,0,0,0
216,217,1.0,3,1,0,1,0,0,0,1,2,4,0,0,0,0,0,0,1
217,218,0.0,2,0,0,0,1,0,0,2,4,5,0,1,0,0,0,0,0
218,219,1.0,1,1,0,1,0,0,0,1,5,5,1,0,0,0,0,0,0
219,220,0.0,2,0,0,0,1,0,0,1,2,4,0,0,0,1,0,0,0
220,221,1.0,3,0,0,0,1,0,0,1,2,3,0,0,0,0,0,0,1
221,222,0.0,2,0,0,0,1,0,0,1,3,4,0,1,0,0,0,0,0
222,223,0.0,3,0,0,0,1,0,0,1,2,6,0,1,0,0,0,0,0
223,224,0.0,3,0,0,0,1,0,0,1,2,4,0,0,1,0,0,0,0
224,225,1.0,1,0,0,0,1,0,0,2,5,5,1,0,0,0,0,0,0
225,226,0.0,3,0,0,0,1,0,0,1,2,4,0,0,0,0,0,1,0
226,227,1.0,2,0,0,0,1,0,0,1,2,4,0,0,0,0,0,0,1
227,228,0.0,3,0,0,0,1,0,0,1,1,4,0,0,0,1,0,0,0
228,229,0.0,2,0,0,0,1,0,0,1,3,3,0,1,0,0,0,0,0
229,230,0.0,3,1,0,1,0,0,0,0,4,2,0,0,0,1,0,0,0
230,231,1.0,1,1,0,0,0,1,0,2,5,5,0,0,1,0,0,0,0
231,232,0.0,3,0,0,0,1,0,0,1,1,4,0,0,1,0,0,0,0
232,233,0.0,2,0,0,0,1,0,0,1,3,6,0,1,0,0,0,0,0
233,234,1.0,3,1,0,1,0,0,0,0,4,2,0,0,1,0,0,0,0
234,235,0.0,2,0,0,0,1,0,0,1,2,4,0,0,0,0,1,0,0
235,236,0.0,3,1,0,1,0,0,0,1,1,4,0,0,0,1,0,0,0
236,237,0.0,2,0,0,0,1,0,0,2,4,5,0,1,0,0,0,0,0
237,238,1.0,2,1,0,1,0,0,0,3,4,2,0,0,0,0,1,0,0
238,239,0.0,2,0,0,0,1,0,0,1,2,4,0,1,0,0,0,0,0
239,240,0.0,2,0,0,0,1,0,0,1,3,5,0,0,0,0,0,0,1
240,241,0.0,3,1,0,1,0,0,0,2,3,2,0,1,0,0,0,0,0
241,242,1.0,3,1,0,1,0,0,0,2,3,2,0,0,1,0,0,0,0
242,243,0.0,2,0,0,0,1,0,0,1,2,4,0,0,0,1,0,0,0
243,244,0.0,3,0,0,0,1,0,0,1,1,4,0,0,0,0,0,0,1
244,245,0.0,3,0,0,0,1,0,0,1,1,4,0,1,0,0,0,0,0
245,246,0.0,1,0,0,0,0,0,1,3,5,5,1,0,0,0,0,0,0
246,247,0.0,3,1,0,1,0,0,0,1,1,4,0,0,1,0,0,0,0
247,248,1.0,2,1,0,0,0,1,0,3,3,4,0,1,0,0,0,0,0
248,249,1.0,1,0,0,0,1,0,0,3,5,5,1,0,0,0,0,0,0
249,250,0.0,2,0,0,0,0,0,1,2,4,6,0,1,0,0,0,0,0
250,251,0.0,3,0,0,0,1,0,0,1,1,4,0,0,1,0,0,0,0
251,252,0.0,3,1,0,0,0,1,0,3,2,4,0,0,1,0,0,0,0
252,253,0.0,1,0,0,0,1,0,0,1,4,6,1,0,0,0,0,0,0
253,254,0.0,3,0,0,0,1,0,0,2,3,4,0,0,0,1,0,0,0
254,255,0.0,3,1,0,0,0,1,0,3,3,5,0,0,1,0,0,0,0
255,256,1.0,3,1,0,0,0,1,0,3,3,4,0,1,0,0,0,0,0
256,257,1.0,1,1,0,0,0,1,0,1,5,5,0,0,0,0,0,1,0
257,258,1.0,1,1,0,1,0,0,0,1,5,4,1,0,0,0,0,0,0
258,259,1.0,1,1,0,1,0,0,0,1,5,5,0,0,0,0,0,1,0
259,260,1.0,2,1,0,0,0,1,0,2,4,5,0,1,0,0,0,0,0
260,261,0.0,3,0,0,0,1,0,0,1,1,4,0,0,1,0,0,0,0
261,262,1.0,3,0,1,0,0,0,0,0,4,1,0,0,1,0,0,0,0
262,263,0.0,1,0,0,0,1,0,0,3,5,6,1,0,0,0,0,0,0
263,264,0.0,1,0,0,0,1,0,0,1,1,5,1,0,0,0,0,0,0
264,265,0.0,3,1,0,1,0,0,0,1,1,4,0,0,1,0,0,0,0
265,266,0.0,2,0,0,0,1,0,0,1,2,5,0,0,0,0,1,0,0
266,267,0.0,3,0,0,0,1,0,0,0,4,3,0,0,1,0,0,0,0
267,268,1.0,3,0,0,0,1,0,0,2,1,4,0,0,1,0,0,0,0
268,269,1.0,1,1,0,0,0,1,0,2,5,6,0,0,0,0,0,1,0
269,270,1.0,1,1,0,1,0,0,0,1,5,5,0,0,0,0,0,1,0
270,271,0.0,1,0,0,0,1,0,0,1,4,5,1,0,0,0,0,0,0
271,272,1.0,3,0,0,0,1,0,0,1,1,4,0,0,0,1,0,0,0
272,273,1.0,2,1,0,0,0,1,0,2,3,5,0,1,0,0,0,0,0
273,274,0.0,1,0,0,0,1,0,0,2,4,5,0,0,0,0,0,1,0
274,275,1.0,3,1,0,1,0,0,0,1,1,4,0,0,1,0,0,0,0
275,276,1.0,1,1,0,1,0,0,0,2,5,6,1,0,0,0,0,0,0
276,277,0.0,3,1,0,1,0,0,0,1,1,5,0,0,1,0,0,0,0
277,278,0.0,2,0,0,0,1,0,0,1,1,4,0,1,0,0,0,0,0
278,279,0.0,3,0,1,0,0,0,0,0,4,2,0,0,1,0,0,0,0
279,280,1.0,3,1,0,0,0,1,0,3,3,5,0,0,0,0,1,0,0
280,281,0.0,3,0,0,0,1,0,0,1,1,6,0,0,1,0,0,0,0
281,282,0.0,3,0,0,0,1,0,0,1,1,4,0,0,1,0,0,0,0
282,283,0.0,3,0,0,0,1,0,0,1,2,3,0,0,1,0,0,0,0
283,284,1.0,3,0,0,0,1,0,0,1,2,4,0,0,0,1,0,0,0
284,285,0.0,1,0,0,0,1,0,0,1,4,5,1,0,0,0,0,0,0
285,286,0.0,3,0,0,0,1,0,0,1,2,5,0,0,1,0,0,0,0
286,287,1.0,3,0,0,0,1,0,0,1,2,4,0,0,1,0,0,0,0
287,288,0.0,3,0,0,0,1,0,0,1,2,4,0,0,1,0,0,0,0
288,289,1.0,2,0,0,0,1,0,0,1,3,5,0,1,0,0,0,0,0
289,290,1.0,3,1,0,1,0,0,0,1,1,4,0,0,1,0,0,0,0
290,291,1.0,1,1,0,1,0,0,0,1,5,4,1,0,0,0,0,0,0
291,292,1.0,1,1,0,0,0,1,0,2,5,4,1,0,0,0,0,0,0
292,293,0.0,2,0,0,0,1,0,0,1,3,5,0,0,0,0,0,0,1
293,294,0.0,3,1,0,1,0,0,0,1,2,4,0,0,1,0,0,0,0
294,295,0.0,3,0,0,0,1,0,0,1,2,4,0,0,1,0,0,0,0
295,296,0.0,1,0,0,0,1,0,0,1,4,5,0,0,0,0,0,1,0
296,297,0.0,3,0,0,0,1,0,0,1,1,4,0,1,0,0,0,0,0
297,298,0.0,1,1,0,1,0,0,0,4,5,1,1,0,0,0,0,0,0
298,299,1.0,1,0,0,0,1,0,0,1,4,5,1,0,0,0,0,0,0
299,300,1.0,1,1,0,0,0,1,0,2,5,5,0,0,0,0,0,1,0
300,301,1.0,3,1,0,1,0,0,0,1,1,4,0,0,0,1,0,0,0
301,302,1.0,3,0,0,0,1,0,0,3,4,4,0,0,1,0,0,0,0
302,303,0.0,3,0,0,0,1,0,0,1,1,4,0,0,0,1,0,0,0
303,304,1.0,2,1,0,1,0,0,0,1,3,4,0,1,0,0,0,0,0
304,305,0.0,3,0,0,0,1,0,0,1,2,4,0,0,0,1,0,0,0
305,306,1.0,1,0,1,0,0,0,0,4,5,1,1,0,0,0,0,0,0
306,307,1.0,1,1,0,1,0,0,0,1,5,5,1,0,0,0,0,0,0
307,308,1.0,1,1,0,0,0,1,0,2,5,3,0,0,0,0,0,1,0
308,309,0.0,2,0,0,0,1,0,0,2,4,4,0,0,0,0,0,1,0
309,310,1.0,1,1,0,1,0,0,0,1,5,4,0,0,0,0,0,1,0
310,311,1.0,1,1,0,1,0,0,0,1,5,4,1,0,0,0,0,0,0
311,312,1.0,1,1,0,1,0,0,0,0,5,3,0,0,0,0,0,1,0
312,313,0.0,2,1,0,0,0,1,0,3,4,4,0,1,0,0,0,0,0
313,314,0.0,3,0,0,0,1,0,0,1,2,4,0,0,1,0,0,0,0
314,315,0.0,2,0,0,0,1,0,0,3,4,5,0,0,0,1,0,0,0
315,316,1.0,3,1,0,1,0,0,0,1,1,4,0,0,1,0,0,0,0
316,317,1.0,2,1,0,0,0,1,0,2,4,4,0,1,0,0,0,0,0
317,318,0.0,2,0,0,0,0,0,1,1,3,6,0,1,0,0,0,0,0
318,319,1.0,1,1,0,1,0,0,0,3,5,5,0,0,1,0,0,0,0
319,320,1.0,1,1,0,0,0,1,0,3,5,5,1,0,0,0,0,0,0
320,321,0.0,3,0,0,0,1,0,0,1,1,4,0,0,0,1,0,0,0
321,322,0.0,3,0,0,0,1,0,0,1,2,4,0,0,1,0,0,0,0
322,323,1.0,2,1,0,1,0,0,0,1,3,4,0,1,0,0,0,0,0
323,324,1.0,2,1,0,0,0,1,0,3,4,4,0,1,0,0,0,0,0
324,325,0.0,3,0,0,0,1,0,0,0,5,3,0,0,0,0,1,0,0
325,326,1.0,1,1,0,1,0,0,0,1,5,5,0,0,0,0,0,1,0
326,327,0.0,3,0,0,0,1,0,0,1,1,6,0,0,1,0,0,0,0
327,328,1.0,2,1,0,0,0,1,0,1,3,5,0,1,0,0,0,0,0
328,329,1.0,3,1,0,0,0,1,0,3,3,5,0,0,1,0,0,0,0
329,330,1.0,1,1,0,1,0,0,0,2,5,3,1,0,0,0,0,0,0
330,331,1.0,3,1,0,1,0,0,0,3,4,3,0,0,1,0,0,0,0
331,332,0.0,1,0,0,0,1,0,0,1,4,5,1,0,0,0,0,0,0
332,333,0.0,1,0,0,0,1,0,0,2,5,5,0,0,0,0,0,1,0
333,334,0.0,3,0,0,0,1,0,0,3,3,3,0,0,1,0,0,0,0
334,335,1.0,1,1,0,0,0,1,0,2,5,5,0,0,0,0,0,1,0
335,336,0.0,3,0,0,0,1,0,0,1,2,4,0,0,1,0,0,0,0
336,337,0.0,1,0,0,0,1,0,0,2,5,4,1,0,0,0,0,0,0
337,338,1.0,1,1,0,1,0,0,0,1,5,5,1,0,0,0,0,0,0
338,339,1.0,3,0,0,0,1,0,0,1,2,5,0,0,0,1,0,0,0
339,340,0.0,1,0,0,0,1,0,0,1,4,5,1,0,0,0,0,0,0
340,341,1.0,2,0,1,0,0,0,0,3,4,1,0,1,0,0,0,0,0
341,342,1.0,1,1,0,1,0,0,0,0,5,4,1,0,0,0,0,0,0
342,343,0.0,2,0,0,0,1,0,0,1,3,4,0,1,0,0,0,0,0
343,344,0.0,2,0,0,0,1,0,0,1,3,4,0,1,0,0,0,0,0
344,345,0.0,2,0,0,0,1,0,0,1,3,5,0,1,0,0,0,0,0
345,346,1.0,2,1,0,1,0,0,0,1,3,4,0,1,0,0,0,0,0
346,347,1.0,2,1,0,1,0,0,0,1,3,5,0,0,1,0,0,0,0
347,348,1.0,3,1,0,0,0,1,0,2,3,4,0,0,1,0,0,0,0
348,349,1.0,3,0,1,0,0,0,0,3,3,1,0,0,0,0,1,0,0
349,350,0.0,3,0,0,0,1,0,0,1,2,5,0,0,1,0,0,0,0
350,351,0.0,3,0,0,0,1,0,0,1,2,4,0,0,0,1,0,0,0
351,352,0.0,1,0,0,0,1,0,0,1,4,5,1,0,0,0,0,0,0
352,353,0.0,3,0,0,0,1,0,0,3,1,3,0,1,0,0,0,0,0
353,354,0.0,3,0,0,0,1,0,0,2,3,4,0,0,1,0,0,0,0
354,355,0.0,3,0,0,0,1,0,0,1,1,4,0,1,0,0,0,0,0
355,356,0.0,3,0,0,0,1,0,0,1,2,4,0,0,1,0,0,0,0
356,357,1.0,1,1,0,1,0,0,0,2,5,4,1,0,0,0,0,0,0
357,358,0.0,2,1,0,1,0,0,0,1,3,5,0,1,0,0,0,0,0
358,359,1.0,3,1,0,1,0,0,0,1,2,4,0,0,1,0,0,0,0
359,360,1.0,3,1,0,1,0,0,0,1,2,4,0,0,1,0,0,0,0
360,361,0.0,3,0,0,0,1,0,0,0,4,5,0,0,1,0,0,0,0
361,362,0.0,2,0,0,0,1,0,0,2,4,4,0,0,0,0,0,0,1
362,363,0.0,3,1,0,0,0,1,0,2,3,5,0,1,0,0,0,0,0
363,364,0.0,3,0,0,0,1,0,0,1,1,5,0,0,0,0,0,0,1
364,365,0.0,3,0,0,0,1,0,0,2,3,4,0,0,1,0,0,0,0
365,366,0.0,3,0,0,0,1,0,0,1,1,4,0,0,0,0,1,0,0
366,367,1.0,1,1,0,0,0,1,0,2,5,6,1,0,0,0,0,0,0
367,368,1.0,3,1,0,0,0,1,0,1,1,5,0,1,0,0,0,0,0
368,369,1.0,3,1,0,1,0,0,0,1,1,4,1,0,0,0,0,0,0
369,370,1.0,1,1,0,0,0,1,0,1,5,4,0,0,0,0,0,1,0
370,371,1.0,1,0,0,0,1,0,0,2,5,4,1,0,0,0,0,0,0
371,372,0.0,3,0,0,0,1,0,0,2,1,3,0,0,1,0,0,0,0
372,373,0.0,3,0,0,0,1,0,0,1,2,4,0,0,1,0,0,0,0
373,374,0.0,1,0,0,0,1,0,0,1,5,4,0,0,0,0,0,1,0
374,375,0.0,3,1,0,1,0,0,0,0,3,1,0,0,1,0,0,0,0
375,376,1.0,1,1,0,0,0,1,0,2,5,5,0,0,0,0,0,1,0
376,377,1.0,3,1,0,1,0,0,0,1,1,4,0,0,0,0,1,0,0
377,378,0.0,1,0,0,0,1,0,0,3,5,4,1,0,0,0,0,0,0
378,379,0.0,3,0,0,0,1,0,0,1,1,4,0,1,0,0,0,0,0
379,380,0.0,3,0,0,0,1,0,0,1,1,4,0,0,1,0,0,0,0
380,381,1.0,1,1,0,1,0,0,0,1,5,5,0,0,0,0,0,1,0
381,382,1.0,3,1,0,1,0,0,0,3,3,1,0,1,0,0,0,0,0
382,383,0.0,3,0,0,0,1,0,0,1,2,5,0,0,0,0,0,0,1
383,384,1.0,1,1,0,0,0,1,0,2,5,5,1,0,0,0,0,0,0
384,385,0.0,3,0,0,0,1,0,0,1,2,4,0,0,1,0,0,0,0
385,386,0.0,2,0,0,0,1,0,0,1,5,3,0,0,0,0,0,0,1
386,387,0.0,3,0,1,0,0,0,0,0,5,1,0,0,0,0,1,0,0
387,388,1.0,2,1,0,1,0,0,0,1,3,5,0,1,0,0,0,0,0
388,389,0.0,3,0,0,0,1,0,0,1,1,4,0,0,1,0,0,0,0
389,390,1.0,2,1,0,1,0,0,0,1,3,3,0,0,0,0,0,0,1
390,391,1.0,1,0,0,0,1,0,0,4,5,5,1,0,0,0,0,0,0
391,392,1.0,3,0,0,0,1,0,0,1,1,4,0,0,1,0,0,0,0
392,393,0.0,3,0,0,0,1,0,0,3,2,4,0,0,1,0,0,0,0
393,394,1.0,1,1,0,1,0,0,0,2,5,4,0,0,1,0,0,0,0
394,395,1.0,3,1,0,0,0,1,0,3,3,4,0,0,0,0,0,1,0
395,396,0.0,3,0,0,0,1,0,0,1,1,4,0,0,1,0,0,0,0
396,397,0.0,3,1,0,1,0,0,0,1,1,5,0,0,1,0,0,0,0
397,398,0.0,2,0,0,0,1,0,0,1,4,5,0,1,0,0,0,0,0
398,399,0.0,2,0,0,0,0,0,1,1,2,4,0,1,0,0,0,0,0
399,400,1.0,2,1,0,0,0,1,0,1,3,4,0,1,0,0,0,0,0
400,401,1.0,3,0,0,0,1,0,0,1,2,5,0,0,0,0,0,0,1
401,402,0.0,3,0,0,0,1,0,0,1,2,4,0,0,1,0,0,0,0
402,403,0.0,3,1,0,1,0,0,0,2,2,4,0,0,0,1,0,0,0
403,404,0.0,3,0,0,0,1,0,0,2,3,4,0,0,0,0,0,0,1
404,405,0.0,3,1,0,1,0,0,0,1,2,4,0,0,1,0,0,0,0
405,406,0.0,2,0,0,0,1,0,0,2,3,5,0,1,0,0,0,0,0
406,407,0.0,3,0,0,0,1,0,0,1,1,6,0,0,1,0,0,0,0
407,408,1.0,2,0,1,0,0,0,0,3,3,1,0,1,0,0,0,0,0
408,409,0.0,3,0,0,0,1,0,0,1,1,4,0,0,1,0,0,0,0
409,410,0.0,3,1,0,1,0,0,0,0,4,2,0,0,0,1,0,0,0
410,411,0.0,3,0,0,0,1,0,0,1,2,4,0,0,1,0,0,0,0
411,412,0.0,3,0,0,0,1,0,0,1,1,4,0,0,1,0,0,0,0
412,413,1.0,1,1,0,1,0,0,0,2,5,5,1,0,0,0,0,0,0
413,414,0.0,2,0,0,0,1,0,0,1,1,4,0,1,0,0,0,0,0
414,415,1.0,3,0,0,0,1,0,0,1,2,5,0,0,0,0,0,0,1
415,416,0.0,3,1,0,0,0,1,0,1,2,5,0,0,1,0,0,0,0
416,417,1.0,2,1,0,0,0,1,0,3,4,5,0,1,0,0,0,0,0
417,418,1.0,2,1,0,1,0,0,0,3,3,3,0,1,0,0,0,0,0
418,419,0.0,2,0,0,0,1,0,0,1,3,4,0,1,0,0,0,0,0
419,420,0.0,3,1,0,1,0,0,0,3,4,2,0,0,1,0,0,0,0
420,421,0.0,3,0,0,0,1,0,0,1,2,4,0,0,1,0,0,0,0
421,422,0.0,3,0,0,0,1,0,0,1,1,4,0,0,0,1,0,0,0
422,423,0.0,3,0,0,0,1,0,0,1,2,4,0,0,1,0,0,0,0
423,424,0.0,3,1,0,0,0,1,0,3,3,4,0,0,1,0,0,0,0
424,425,0.0,3,0,0,0,1,0,0,3,3,3,0,0,1,0,0,0,0
425,426,0.0,3,0,0,0,1,0,0,1,1,4,0,0,0,1,0,0,0
426,427,1.0,2,1,0,0,0,1,0,2,4,4,0,1,0,0,0,0,0
427,428,1.0,2,1,0,1,0,0,0,1,4,4,0,1,0,0,0,0,0
428,429,0.0,3,0,0,0,1,0,0,1,1,4,0,0,1,0,0,0,0
429,430,1.0,3,0,0,0,1,0,0,1,2,5,0,0,0,0,0,0,1
430,431,1.0,1,0,0,0,1,0,0,1,4,4,1,0,0,0,0,0,0
431,432,1.0,3,1,0,0,0,1,0,2,3,4,0,0,1,0,0,0,0
432,433,1.0,2,1,0,0,0,1,0,2,4,5,0,0,0,0,0,0,1
433,434,0.0,3,0,0,0,1,0,0,1,1,3,0,0,0,0,0,0,1
434,435,0.0,1,0,0,0,1,0,0,2,5,5,1,0,0,0,0,0,0
435,436,1.0,1,1,0,1,0,0,0,4,5,3,1,0,0,0,0,0,0
436,437,0.0,3,1,0,1,0,0,0,0,4,4,0,0,0,1,0,0,0
437,438,1.0,2,1,0,0,0,1,0,0,3,4,0,1,0,0,0,0,0
438,439,0.0,1,0,0,0,1,0,0,0,5,6,1,0,0,0,0,0,0
439,440,0.0,2,0,0,0,1,0,0,1,2,5,0,0,0,0,1,0,0
440,441,1.0,2,1,0,0,0,1,0,3,4,5,0,0,0,1,0,0,0
441,442,0.0,3,0,0,0,1,0,0,1,2,4,0,0,1,0,0,0,0
442,443,0.0,3,0,0,0,1,0,0,2,1,4,0,0,1,0,0,0,0
443,444,1.0,2,1,0,0,0,1,0,1,3,4,0,1,0,0,0,0,0
444,445,1.0,3,0,0,0,1,0,0,1,2,4,0,0,0,1,0,0,0
445,446,1.0,1,0,1,0,0,0,0,3,5,1,0,0,1,0,0,0,0
446,447,1.0,2,1,0,1,0,0,0,2,3,3,0,1,0,0,0,0,0
447,448,1.0,1,0,0,0,1,0,0,1,4,5,1,0,0,0,0,0,0
448,449,1.0,3,1,0,1,0,0,0,4,3,2,0,1,0,0,0,0,0
449,450,1.0,1,0,0,0,0,0,1,1,4,6,1,0,0,0,0,0,0
450,451,0.0,2,0,0,0,1,0,0,4,4,5,0,0,0,0,1,0,0
451,452,0.0,3,0,0,0,1,0,0,2,3,4,0,0,0,1,0,0,0
452,453,0.0,1,0,0,0,1,0,0,1,4,4,1,0,0,0,0,0,0
453,454,1.0,1,0,0,0,1,0,0,2,5,5,1,0,0,0,0,0,0
454,455,0.0,3,0,0,0,1,0,0,1,2,4,0,0,0,1,0,0,0
455,456,1.0,3,0,0,0,1,0,0,1,2,4,0,0,1,0,0,0,0
456,457,0.0,1,0,0,0,1,0,0,1,4,6,1,0,0,0,0,0,0
457,458,1.0,1,1,0,0,0,1,0,2,5,5,1,0,0,0,0,0,0
458,459,1.0,2,1,0,1,0,0,0,1,2,5,0,0,0,1,0,0,0
459,460,0.0,3,0,0,0,1,0,0,1,1,4,0,0,1,0,0,0,0
460,461,1.0,1,0,0,0,1,0,0,1,4,5,1,0,0,0,0,0,0
461,462,0.0,3,0,0,0,1,0,0,1,2,5,0,0,1,0,0,0,0
462,463,0.0,1,0,0,0,1,0,0,1,4,5,1,0,0,0,0,0,0
463,464,0.0,2,0,0,0,1,0,0,1,3,5,0,1,0,0,0,0,0
464,465,0.0,3,0,0,0,1,0,0,1,2,4,0,0,0,1,0,0,0
465,466,0.0,3,0,0,0,1,0,0,1,1,5,0,0,0,0,0,0,1
466,467,0.0,2,0,0,0,1,0,0,1,1,4,0,1,0,0,0,0,0
467,468,0.0,1,0,0,0,1,0,0,1,4,6,1,0,0,0,0,0,0
468,469,0.0,3,0,0,0,1,0,0,1,1,4,0,0,1,0,0,0,0
469,470,1.0,3,1,0,1,0,0,0,4,3,1,0,1,0,0,0,0,0
470,471,0.0,3,0,0,0,1,0,0,1,1,4,0,0,1,0,0,0,0
471,472,0.0,3,0,0,0,1,0,0,1,2,5,0,0,1,0,0,0,0
472,473,1.0,2,1,0,0,0,1,0,4,4,5,0,0,0,0,1,0,0
473,474,1.0,2,1,0,0,0,1,0,1,3,4,0,0,0,0,0,0,1
474,475,0.0,3,1,0,1,0,0,0,1,2,4,0,0,0,1,0,0,0
475,476,0.0,1,0,0,0,1,0,0,1,5,5,1,0,0,0,0,0,0
476,477,0.0,2,0,0,0,1,0,0,2,3,5,0,0,1,0,0,0,0
477,478,0.0,3,0,0,0,1,0,0,2,1,4,0,0,1,0,0,0,0
478,479,0.0,3,0,0,0,1,0,0,1,1,4,0,0,1,0,0,0,0
479,480,1.0,3,1,0,1,0,0,0,2,3,1,0,0,1,0,0,0,0
480,481,0.0,3,0,1,0,0,0,0,0,5,2,0,0,0,0,1,0,0
481,482,0.0,2,0,0,0,1,0,0,1,1,4,0,1,0,0,0,0,0
482,483,0.0,3,0,0,0,1,0,0,1,2,5,0,0,0,1,0,0,0
483,484,1.0,3,1,0,0,0,1,0,1,2,6,0,0,0,1,0,0,0
484,485,1.0,1,0,0,0,1,0,0,2,5,4,1,0,0,0,0,0,0
485,486,0.0,3,1,0,1,0,0,0,0,4,2,0,0,0,1,0,0,0
486,487,1.0,1,1,0,0,0,1,0,2,5,5,1,0,0,0,0,0,0
487,488,0.0,1,0,0,0,1,0,0,1,4,6,1,0,0,0,0,0,0
488,489,0.0,3,0,0,0,1,0,0,1,2,4,0,0,0,1,0,0,0
489,490,1.0,3,0,1,0,0,0,0,3,3,2,0,0,0,0,1,0,0
490,491,0.0,3,0,0,0,1,0,0,2,3,4,0,0,0,1,0,0,0
491,492,0.0,3,0,0,0,1,0,0,1,1,4,0,0,0,0,0,0,1
492,493,0.0,1,0,0,0,1,0,0,1,4,6,1,0,0,0,0,0,0
493,494,0.0,1,0,0,0,1,0,0,1,5,7,0,0,0,0,0,1,0
494,495,0.0,3,0,0,0,1,0,0,1,2,4,0,0,0,1,0,0,0
495,496,0.0,3,0,0,0,1,0,0,1,3,5,0,1,0,0,0,0,0
496,497,1.0,1,1,0,1,0,0,0,2,5,6,0,0,1,0,0,0,0
497,498,0.0,3,0,0,0,1,0,0,1,3,5,0,0,0,0,1,0,0
498,499,0.0,1,1,0,0,0,1,0,4,5,4,1,0,0,0,0,0,0
499,500,0.0,3,0,0,0,1,0,0,1,1,4,0,0,1,0,0,0,0
500,501,0.0,3,0,0,0,1,0,0,1,2,3,0,0,1,0,0,0,0
501,502,0.0,3,1,0,1,0,0,0,1,1,4,0,0,1,0,0,0,0
502,503,0.0,3,1,0,1,0,0,0,1,1,4,0,0,1,0,0,0,0
503,504,0.0,3,1,0,1,0,0,0,1,2,5,0,0,0,1,0,0,0
504,505,1.0,1,1,0,1,0,0,0,1,5,3,1,0,0,0,0,0,0
505,506,0.0,1,0,0,0,1,0,0,2,5,3,0,0,0,0,0,1,0
506,507,1.0,2,1,0,0,0,1,0,3,4,5,0,1,0,0,0,0,0
507,508,1.0,1,0,0,0,1,0,0,1,4,5,1,0,0,0,0,0,0
508,509,0.0,3,0,0,0,1,0,0,1,4,4,0,0,0,0,1,0,0
509,510,1.0,3,0,0,0,1,0,0,1,5,4,1,0,0,0,0,0,0
510,511,1.0,3,0,0,0,1,0,0,1,1,4,0,0,1,0,0,0,0
511,512,0.0,3,0,0,0,1,0,0,1,2,4,0,0,0,0,0,0,1
512,513,1.0,1,0,0,0,1,0,0,1,4,5,0,0,0,0,0,1,0
513,514,1.0,1,1,0,0,0,1,0,2,5,6,0,0,0,0,0,1,0
514,515,0.0,3,0,0,0,1,0,0,1,1,4,0,0,1,0,0,0,0
515,516,0.0,1,0,0,0,1,0,0,1,4,5,0,0,1,0,0,0,0
516,517,1.0,2,1,0,0,0,1,0,1,2,5,0,0,0,0,1,0,0
517,518,0.0,3,0,0,0,1,0,0,1,4,5,0,0,1,0,0,0,0
518,519,1.0,2,1,0,0,0,1,0,2,4,5,0,1,0,0,0,0,0
519,520,0.0,3,0,0,0,1,0,0,1,2,5,0,0,1,0,0,0,0
520,521,1.0,1,1,0,1,0,0,0,1,5,4,1,0,0,0,0,0,0
521,522,0.0,3,0,0,0,1,0,0,1,2,4,0,0,1,0,0,0,0
522,523,0.0,3,0,0,0,1,0,0,1,1,4,0,1,0,0,0,0,0
523,524,1.0,1,1,0,0,0,1,0,2,5,5,1,0,0,0,0,0,0
524,525,0.0,3,0,0,0,1,0,0,1,1,4,0,1,0,0,0,0,0
525,526,0.0,3,0,0,0,1,0,0,1,1,5,0,0,1,0,0,0,0
526,527,1.0,2,1,0,1,0,0,0,1,2,5,0,0,0,1,0,0,0
527,528,0.0,1,0,0,0,1,0,0,1,5,5,0,0,0,0,0,1,0
528,529,0.0,3,0,0,0,1,0,0,1,2,5,0,0,1,0,0,0,0
529,530,0.0,2,0,0,0,1,0,0,4,3,4,0,1,0,0,0,0,0
530,531,1.0,2,1,0,1,0,0,0,3,4,1,0,1,0,0,0,0,0
531,532,0.0,3,0,0,0,1,0,0,1,1,4,0,1,0,0,0,0,0
532,533,0.0,3,0,0,0,1,0,0,3,1,3,0,1,0,0,0,0,0
533,534,1.0,3,1,0,0,0,1,0,3,4,5,0,1,0,0,0,0,0
534,535,0.0,3,1,0,1,0,0,0,1,2,4,0,0,1,0,0,0,0
535,536,1.0,2,1,0,1,0,0,0,3,4,2,0,0,0,1,0,0,0
536,537,0.0,1,0,0,0,0,0,1,1,4,5,1,0,0,0,0,0,0
537,538,1.0,1,1,0,1,0,0,0,1,5,4,0,0,0,0,0,1,0
538,539,0.0,3,0,0,0,1,0,0,1,3,5,0,0,1,0,0,0,0
539,540,1.0,1,1,0,1,0,0,0,3,5,4,1,0,0,0,0,0,0
540,541,1.0,1,1,0,1,0,0,0,3,5,5,0,0,0,1,0,0,0
541,542,0.0,3,1,0,1,0,0,0,0,4,2,0,0,1,0,0,0,0
542,543,0.0,3,1,0,1,0,0,0,0,4,2,0,0,1,0,0,0,0
543,544,1.0,2,0,0,0,1,0,0,2,4,5,0,1,0,0,0,0,0
544,545,0.0,1,0,0,0,1,0,0,2,5,5,0,0,0,0,0,1,0
545,546,0.0,1,0,0,0,1,0,0,1,4,6,0,0,0,1,0,0,0
546,547,1.0,2,1,0,0,0,1,0,2,4,4,0,1,0,0,0,0,0
547,548,1.0,2,0,0,0,1,0,0,1,3,5,0,0,0,0,0,0,1
548,549,0.0,3,0,0,0,1,0,0,3,3,5,0,0,1,0,0,0,0
549,550,1.0,2,0,1,0,0,0,0,3,4,2,0,0,0,0,1,0,0
550,551,1.0,1,0,0,0,1,0,0,3,5,3,1,0,0,0,0,0,0
551,552,0.0,2,0,0,0,1,0,0,1,4,4,0,1,0,0,0,0,0
552,553,0.0,3,0,0,0,1,0,0,1,1,4,0,0,1,0,0,0,0
553,554,1.0,3,0,0,0,1,0,0,1,1,4,0,1,0,0,0,0,0
554,555,1.0,3,1,0,1,0,0,0,1,1,4,0,0,1,0,0,0,0
555,556,0.0,1,0,0,0,1,0,0,1,4,6,1,0,0,0,0,0,0
556,557,1.0,1,1,0,0,0,1,0,2,4,5,1,0,0,0,0,0,0
557,558,0.0,1,0,0,0,1,0,0,1,5,5,0,0,0,0,0,1,0
558,559,1.0,1,1,0,0,0,1,0,3,5,5,1,0,0,0,0,0,0
559,560,1.0,3,1,0,0,0,1,0,2,3,5,0,0,1,0,0,0,0
560,561,0.0,3,0,0,0,1,0,0,1,1,4,0,0,1,0,0,0,0
561,562,0.0,3,0,0,0,1,0,0,1,2,5,0,0,1,0,0,0,0
562,563,0.0,2,0,0,0,1,0,0,1,3,4,0,1,0,0,0,0,0
563,564,0.0,3,0,0,0,1,0,0,1,2,4,0,0,0,0,0,0,1
564,565,0.0,3,1,0,1,0,0,0,1,2,4,0,0,0,0,0,0,1
565,566,0.0,3,0,0,0,1,0,0,3,4,4,0,0,0,1,0,0,0
566,567,0.0,3,0,0,0,1,0,0,1,2,4,0,0,1,0,0,0,0
567,568,0.0,3,1,0,0,0,1,0,0,3,4,0,0,1,0,0,0,0
568,569,0.0,3,0,0,0,1,0,0,1,1,4,0,1,0,0,0,0,0
569,570,1.0,3,0,0,0,1,0,0,1,1,5,0,0,1,0,0,0,0
570,571,1.0,2,0,0,0,1,0,0,1,2,6,0,0,0,0,0,0,1
571,572,1.0,1,1,0,0,0,1,0,3,5,6,1,0,0,0,0,0,0
572,573,1.0,1,0,0,0,1,0,0,1,4,5,0,0,0,0,0,1,0
573,574,1.0,3,1,0,1,0,0,0,1,1,4,1,0,0,0,0,0,0
574,575,0.0,3,0,0,0,1,0,0,1,2,3,0,0,0,1,0,0,0
575,576,0.0,3,0,0,0,1,0,0,1,3,4,0,0,1,0,0,0,0
576,577,1.0,2,1,0,1,0,0,0,1,3,5,0,1,0,0,0,0,0
577,578,1.0,1,1,0,0,0,1,0,2,5,5,1,0,0,0,0,0,0
578,579,0.0,3,1,0,0,0,1,0,2,3,4,0,1,0,0,0,0,0
579,580,1.0,3,0,0,0,1,0,0,1,2,5,0,0,0,0,0,0,1
580,581,1.0,2,1,0,1,0,0,0,3,4,4,0,1,0,0,0,0,0
581,582,1.0,1,1,0,0,0,1,0,3,5,5,1,0,0,0,0,0,0
582,583,0.0,2,0,0,0,1,0,0,1,4,6,0,1,0,0,0,0,0
583,584,0.0,1,0,0,0,1,0,0,1,4,5,1,0,0,0,0,0,0
584,585,0.0,3,0,0,0,1,0,0,1,2,4,0,0,1,0,0,0,0
585,586,1.0,1,1,0,1,0,0,0,3,5,3,1,0,0,0,0,0,0
586,587,0.0,2,0,0,0,1,0,0,1,3,5,0,1,0,0,0,0,0
587,588,1.0,1,0,0,0,1,0,0,3,5,6,1,0,0,0,0,0,0
588,589,0.0,3,0,0,0,1,0,0,1,2,4,1,0,0,0,0,0,0
589,590,0.0,3,0,0,0,1,0,0,1,2,4,0,0,0,1,0,0,0
590,591,0.0,3,0,0,0,1,0,0,1,1,5,0,0,0,0,0,0,1
591,592,1.0,1,1,0,0,0,1,0,2,5,6,0,0,1,0,0,0,0
592,593,0.0,3,0,0,0,1,0,0,1,1,5,0,0,0,1,0,0,0
593,594,0.0,3,1,0,1,0,0,0,3,1,4,0,0,1,0,0,0,0
594,595,0.0,2,0,0,0,1,0,0,2,4,5,0,0,0,0,0,0,1
595,596,0.0,3,0,0,0,1,0,0,3,4,5,0,0,1,0,0,0,0
596,597,1.0,2,1,0,1,0,0,0,1,4,4,0,1,0,0,0,0,0
597,598,0.0,3,0,0,0,1,0,0,1,1,5,0,0,0,1,0,0,0
598,599,0.0,3,0,0,0,1,0,0,1,1,4,0,1,0,0,0,0,0
599,600,1.0,1,0,0,0,0,0,1,2,5,5,0,0,0,0,0,1,0
600,601,1.0,2,1,0,0,0,1,0,4,4,4,0,1,0,0,0,0,0
601,602,0.0,3,0,0,0,1,0,0,1,2,4,0,0,1,0,0,0,0
602,603,0.0,1,0,0,0,1,0,0,1,5,5,1,0,0,0,0,0,0
603,604,0.0,3,0,0,0,1,0,0,1,2,5,0,0,1,0,0,0,0
604,605,1.0,1,0,0,0,1,0,0,1,4,5,1,0,0,0,0,0,0
605,606,0.0,3,0,0,0,1,0,0,2,3,5,0,0,1,0,0,0,0
606,607,0.0,3,0,0,0,1,0,0,1,2,4,0,0,1,0,0,0,0
607,608,1.0,1,0,0,0,1,0,0,1,4,4,1,0,0,0,0,0,0
608,609,1.0,2,1,0,0,0,1,0,4,4,4,0,0,0,0,0,0,1
609,610,1.0,1,1,0,1,0,0,0,1,5,5,0,0,0,0,0,1,0
610,611,0.0,3,1,0,0,0,1,0,0,4,5,0,0,1,0,0,0,0
611,612,0.0,3,0,0,0,1,0,0,1,1,4,0,0,0,0,0,0,1
612,613,1.0,3,1,0,1,0,0,0,2,3,2,0,0,1,0,0,0,0
613,614,0.0,3,0,0,0,1,0,0,1,1,4,0,0,1,0,0,0,0
614,615,0.0,3,0,0,0,1,0,0,1,2,5,0,0,1,0,0,0,0
615,616,1.0,2,1,0,1,0,0,0,4,5,4,0,1,0,0,0,0,0
616,617,0.0,3,0,0,0,1,0,0,3,3,5,0,0,1,0,0,0,0
617,618,0.0,3,1,0,0,0,1,0,2,3,4,0,0,0,1,0,0,0
618,619,1.0,2,1,0,1,0,0,0,4,4,1,0,1,0,0,0,0,0
619,620,0.0,2,0,0,0,1,0,0,1,2,4,0,0,1,0,0,0,0
620,621,0.0,3,0,0,0,1,0,0,2,3,4,0,1,0,0,0,0,0
621,622,1.0,1,0,0,0,1,0,0,2,5,5,1,0,0,0,0,0,0
622,623,1.0,3,0,0,0,1,0,0,3,3,4,0,1,0,0,0,0,0
623,624,0.0,3,0,0,0,1,0,0,1,1,4,0,0,1,0,0,0,0
624,625,0.0,3,0,0,0,1,0,0,1,3,4,0,0,0,1,0,0,0
625,626,0.0,1,0,0,0,1,0,0,1,4,6,0,0,1,0,0,0,0
626,627,0.0,2,0,0,0,0,0,1,1,3,6,0,1,0,0,0,0,0
627,628,1.0,1,1,0,1,0,0,0,1,5,4,1,0,0,0,0,0,0
628,629,0.0,3,0,0,0,1,0,0,1,2,4,0,0,1,0,0,0,0
629,630,0.0,3,0,0,0,1,0,0,1,1,4,0,0,1,0,0,0,0
630,631,1.0,1,0,0,0,1,0,0,1,4,7,0,1,0,0,0,0,0
631,632,0.0,3,0,0,0,1,0,0,1,1,6,0,0,1,0,0,0,0
632,633,1.0,1,0,0,0,0,0,1,1,4,5,1,0,0,0,0,0,0
633,634,0.0,1,0,0,0,1,0,0,1,1,4,1,0,0,0,0,0,0
634,635,0.0,3,1,0,1,0,0,0,0,4,2,0,0,1,0,0,0,0
635,636,1.0,2,1,0,1,0,0,0,1,3,4,0,1,0,0,0,0,0
636,637,0.0,3,0,0,0,1,0,0,1,2,5,0,0,0,0,0,0,1
637,638,0.0,2,0,0,0,1,0,0,3,4,5,0,0,0,0,1,0,0
638,639,0.0,3,1,0,0,0,1,0,0,4,5,0,0,1,0,0,0,0
639,640,0.0,3,0,0,0,1,0,0,2,3,4,0,0,1,0,0,0,0
640,641,0.0,3,0,0,0,1,0,0,1,1,4,0,0,1,0,0,0,0
641,642,1.0,1,1,0,1,0,0,0,1,5,4,0,0,0,0,0,1,0
642,643,0.0,3,1,0,1,0,0,0,0,4,1,0,0,1,0,0,0,0
643,644,1.0,3,0,0,0,1,0,0,1,5,5,1,0,0,0,0,0,0
644,645,1.0,3,1,0,1,0,0,0,4,3,1,0,1,0,0,0,0,0
645,646,1.0,1,0,0,0,1,0,0,2,5,5,0,0,0,0,0,1,0
646,647,0.0,3,0,0,0,1,0,0,1,2,4,0,0,1,0,0,0,0
647,648,1.0,1,0,0,0,0,0,1,1,4,6,1,0,0,0,0,0,0
648,649,0.0,3,0,0,0,1,0,0,1,1,4,0,0,0,0,0,0,1
649,650,1.0,3,1,0,1,0,0,0,1,1,4,0,0,0,0,1,0,0
650,651,0.0,3,0,0,0,1,0,0,1,2,4,0,0,1,0,0,0,0
651,652,1.0,2,1,0,1,0,0,0,2,4,3,0,1,0,0,0,0,0
652,653,0.0,3,0,0,0,1,0,0,1,2,4,0,0,0,1,0,0,0
653,654,1.0,3,1,0,1,0,0,0,1,1,4,0,0,1,0,0,0,0
654,655,0.0,3,1,0,1,0,0,0,1,1,3,0,0,1,0,0,0,0
655,656,0.0,2,0,0,0,1,0,0,3,5,4,0,0,0,0,0,0,1
656,657,0.0,3,0,0,0,1,0,0,1,2,4,0,0,1,0,0,0,0
657,658,0.0,3,1,0,0,0,1,0,3,3,5,0,0,1,0,0,0,0
658,659,0.0,2,0,0,0,1,0,0,1,3,4,0,1,0,0,0,0,0
659,660,0.0,1,0,0,0,1,0,0,3,5,6,0,0,1,0,0,0,0
660,661,1.0,1,0,0,0,0,0,1,3,5,5,0,0,0,0,0,1,0
661,662,0.0,3,0,0,0,1,0,0,1,1,5,0,1,0,0,0,0,0
662,663,0.0,1,0,0,0,1,0,0,1,4,5,0,0,0,1,0,0,0
663,664,0.0,3,0,0,0,1,0,0,1,1,5,0,0,1,0,0,0,0
664,665,1.0,3,0,0,0,1,0,0,2,2,4,0,0,0,0,0,0,1
665,666,0.0,2,0,0,0,1,0,0,3,5,5,0,0,0,0,0,0,1
666,667,0.0,2,0,0,0,1,0,0,1,3,4,0,1,0,0,0,0,0
667,668,0.0,3,0,0,0,1,0,0,1,1,4,0,0,1,0,0,0,0
668,669,0.0,3,0,0,0,1,0,0,1,2,5,0,0,0,1,0,0,0
669,670,1.0,1,1,0,0,0,1,0,2,5,5,1,0,0,0,0,0,0
670,671,1.0,2,1,0,0,0,1,0,3,4,5,0,1,0,0,0,0,0
671,672,0.0,1,0,0,0,1,0,0,2,5,5,0,0,0,1,0,0,0
672,673,0.0,2,0,0,0,1,0,0,1,2,7,0,0,0,0,1,0,0
673,674,1.0,2,0,0,0,1,0,0,1,3,5,0,1,0,0,0,0,0
674,675,0.0,2,0,0,0,1,0,0,1,1,4,0,1,0,0,0,0,0
675,676,0.0,3,0,0,0,1,0,0,1,1,3,0,0,1,0,0,0,0
676,677,0.0,3,0,0,0,1,0,0,1,2,4,0,0,1,0,0,0,0
677,678,1.0,3,1,0,1,0,0,0,1,2,3,0,0,0,1,0,0,0
678,679,0.0,3,1,0,0,0,1,0,0,5,5,0,0,0,0,1,0,0
679,680,1.0,1,0,0,0,1,0,0,2,5,5,0,0,0,0,0,1,0
680,681,0.0,3,1,0,1,0,0,0,1,2,4,0,0,1,0,0,0,0
681,682,1.0,1,0,0,0,1,0,0,1,5,4,0,0,0,0,0,1,0
682,683,0.0,3,0,0,0,1,0,0,1,2,4,0,0,0,1,0,0,0
683,684,0.0,3,0,0,0,1,0,0,0,5,3,0,0,0,0,1,0,0
684,685,0.0,2,0,0,0,1,0,0,3,4,6,0,1,0,0,0,0,0
685,686,0.0,2,0,0,0,1,0,0,4,4,4,0,0,0,0,0,0,1
686,687,0.0,3,0,0,0,1,0,0,0,4,3,0,0,1,0,0,0,0
687,688,0.0,3,0,0,0,1,0,0,1,2,4,0,0,1,0,0,0,0
688,689,0.0,3,0,0,0,1,0,0,1,1,3,0,0,1,0,0,0,0
689,690,1.0,1,1,0,1,0,0,0,2,5,3,0,1,0,0,0,0,0
690,691,1.0,1,0,0,0,1,0,0,2,5,5,1,0,0,0,0,0,0
691,692,1.0,3,1,0,1,0,0,0,2,3,1,0,0,1,0,0,0,0
692,693,1.0,3,0,0,0,1,0,0,1,5,5,1,0,0,0,0,0,0
693,694,0.0,3,0,0,0,1,0,0,1,1,4,0,1,0,0,0,0,0
694,695,0.0,1,0,0,0,0,0,1,1,4,6,1,0,0,0,0,0,0
695,696,0.0,2,0,0,0,1,0,0,1,3,6,0,1,0,0,0,0,0
696,697,0.0,3,0,0,0,1,0,0,1,2,5,0,0,1,0,0,0,0
697,698,1.0,3,1,0,1,0,0,0,1,1,4,0,0,1,0,0,0,0
698,699,0.0,1,0,0,0,1,0,0,3,5,5,1,0,0,0,0,0,0
699,700,0.0,3,0,0,0,1,0,0,1,1,5,0,0,1,0,0,0,0
700,701,1.0,1,1,0,0,0,1,0,2,5,3,0,0,0,0,0,1,0
701,702,1.0,1,0,0,0,1,0,0,1,4,5,0,0,0,0,0,1,0
702,703,0.0,3,1,0,1,0,0,0,2,3,3,0,1,0,0,0,0,0
703,704,0.0,3,0,0,0,1,0,0,1,1,4,0,0,1,0,0,0,0
704,705,0.0,3,0,0,0,1,0,0,2,1,4,0,0,1,0,0,0,0
705,706,0.0,2,0,0,0,1,0,0,1,4,5,0,1,0,0,0,0,0
706,707,1.0,2,1,0,0,0,1,0,1,3,5,0,1,0,0,0,0,0
707,708,1.0,1,0,0,0,1,0,0,1,4,5,0,0,0,0,0,1,0
708,709,1.0,1,1,0,1,0,0,0,1,5,4,1,0,0,0,0,0,0
709,710,1.0,3,0,1,0,0,0,0,3,3,2,0,1,0,0,0,0,0
710,711,1.0,1,1,0,1,0,0,0,1,5,4,0,0,0,0,0,1,0
711,712,0.0,1,0,0,0,1,0,0,1,4,5,1,0,0,0,0,0,0
712,713,1.0,1,0,0,0,1,0,0,2,5,5,1,0,0,0,0,0,0
713,714,0.0,3,0,0,0,1,0,0,1,2,4,0,0,0,1,0,0,0
714,715,0.0,2,0,0,0,1,0,0,1,3,6,0,1,0,0,0,0,0
715,716,0.0,3,0,0,0,1,0,0,1,1,4,0,0,1,0,0,0,0
716,717,1.0,1,1,0,1,0,0,0,1,5,5,0,0,0,0,0,1,0
717,718,1.0,2,1,0,1,0,0,0,1,2,4,0,0,1,0,0,0,0
718,719,0.0,3,0,0,0,1,0,0,1,3,5,0,0,1,0,0,0,0
719,720,0.0,3,0,0,0,1,0,0,1,1,5,0,0,1,0,0,0,0
720,721,1.0,2,1,0,1,0,0,0,2,4,2,0,1,0,0,0,0,0
721,722,0.0,3,0,0,0,1,0,0,2,1,3,0,0,1,0,0,0,0
722,723,0.0,2,0,0,0,1,0,0,1,3,5,1,0,0,0,0,0,0
723,724,0.0,2,0,0,0,1,0,0,1,3,5,0,1,0,0,0,0,0
724,725,1.0,1,0,0,0,1,0,0,2,5,4,1,0,0,0,0,0,0
725,726,0.0,3,0,0,0,1,0,0,1,2,4,0,0,1,0,0,0,0
726,727,1.0,2,1,0,0,0,1,0,4,3,4,0,0,1,0,0,0,0
727,728,1.0,3,1,0,1,0,0,0,1,1,4,0,0,1,0,0,0,0
728,729,0.0,2,0,0,0,1,0,0,2,4,4,0,1,0,0,0,0,0
729,730,0.0,3,1,0,1,0,0,0,2,2,4,0,0,0,0,0,0,1
730,731,1.0,1,1,0,1,0,0,0,1,5,4,0,1,0,0,0,0,0
731,732,0.0,3,0,0,0,1,0,0,1,3,2,0,1,0,0,0,0,0
732,733,0.0,2,0,0,0,1,0,0,1,1,4,0,1,0,0,0,0,0
733,734,0.0,2,0,0,0,1,0,0,1,3,4,0,1,0,0,0,0,0
734,735,0.0,2,0,0,0,1,0,0,1,3,4,0,1,0,0,0,0,0
735,736,0.0,3,0,0,0,1,0,0,1,3,4,0,0,0,1,0,0,0
736,737,0.0,3,1,0,0,0,1,0,0,4,5,0,0,0,1,0,0,0
737,738,1.0,1,0,0,0,1,0,0,1,5,5,0,0,0,0,0,1,0
738,739,0.0,3,0,0,0,1,0,0,1,2,4,0,0,1,0,0,0,0
739,740,0.0,3,0,0,0,1,0,0,1,2,4,0,0,1,0,0,0,0
740,741,1.0,1,0,0,0,1,0,0,1,4,5,1,0,0,0,0,0,0
741,742,0.0,1,0,0,0,1,0,0,2,5,5,1,0,0,0,0,0,0
742,743,1.0,1,1,0,1,0,0,0,0,5,4,0,0,0,0,0,1,0
743,744,0.0,3,0,0,0,1,0,0,2,3,4,0,0,1,0,0,0,0
744,745,1.0,3,0,0,0,1,0,0,1,2,5,0,0,0,0,0,0,1
745,746,0.0,1,0,0,0,0,0,1,3,5,7,0,0,0,1,0,0,0
746,747,0.0,3,0,0,0,1,0,0,3,3,3,0,0,0,0,1,0,0
747,748,1.0,2,1,0,1,0,0,0,1,3,4,0,1,0,0,0,0,0
748,749,0.0,1,0,0,0,1,0,0,2,5,4,1,0,0,0,0,0,0
749,750,0.0,3,0,0,0,1,0,0,1,1,5,0,0,1,0,0,0,0
750,751,1.0,2,1,0,1,0,0,0,3,4,1,0,1,0,0,0,0,0
751,752,1.0,3,0,1,0,0,0,0,2,3,2,0,0,1,0,0,0,0
752,753,0.0,3,0,0,0,1,0,0,1,2,5,0,0,1,0,0,0,0
753,754,0.0,3,0,0,0,1,0,0,1,2,4,0,0,1,0,0,0,0
754,755,1.0,2,1,0,0,0,1,0,4,5,5,0,1,0,0,0,0,0
755,756,1.0,2,0,1,0,0,0,0,3,3,1,0,1,0,0,0,0,0
756,757,0.0,3,0,0,0,1,0,0,1,1,4,0,0,1,0,0,0,0
757,758,0.0,2,0,0,0,1,0,0,1,3,3,0,1,0,0,0,0,0
758,759,0.0,3,0,0,0,1,0,0,1,2,5,0,0,1,0,0,0,0
759,760,1.0,1,1,0,0,0,0,1,1,5,5,1,0,0,0,0,0,0
760,761,0.0,3,0,0,0,1,0,0,1,3,5,0,0,1,0,0,0,0
761,762,0.0,3,0,0,0,1,0,0,1,1,5,0,0,0,0,0,0,1
762,763,1.0,3,0,0,0,1,0,0,1,1,4,0,1,0,0,0,0,0
763,764,1.0,1,1,0,0,0,1,0,4,5,5,1,0,0,0,0,0,0
764,765,0.0,3,0,0,0,1,0,0,1,1,3,0,0,1,0,0,0,0
765,766,1.0,1,1,0,0,0,1,0,2,5,6,1,0,0,0,0,0,0
766,767,0.0,1,0,0,0,0,0,1,1,4,5,1,0,0,0,0,0,0
767,768,0.0,3,1,0,1,0,0,0,1,1,5,0,0,1,0,0,0,0
768,769,0.0,3,0,0,0,1,0,0,2,4,5,0,0,1,0,0,0,0
769,770,0.0,3,0,0,0,1,0,0,1,2,5,0,0,0,1,0,0,0
770,771,0.0,3,0,0,0,1,0,0,1,2,4,0,0,1,0,0,0,0
771,772,0.0,3,0,0,0,1,0,0,1,1,5,0,0,1,0,0,0,0
772,773,0.0,2,1,0,0,0,1,0,1,2,6,0,0,0,0,0,0,1
773,774,0.0,3,0,0,0,1,0,0,1,1,4,0,1,0,0,0,0,0
774,775,1.0,2,1,0,0,0,1,0,0,4,6,0,1,0,0,0,0,0
775,776,0.0,3,0,0,0,1,0,0,1,1,3,0,0,1,0,0,0,0
776,777,0.0,3,0,0,0,1,0,0,1,1,4,0,0,1,0,0,0,0
777,778,1.0,3,1,0,1,0,0,0,1,3,2,0,0,1,0,0,0,0
778,779,0.0,3,0,0,0,1,0,0,1,1,4,0,0,1,0,0,0,0
779,780,1.0,1,1,0,0,0,1,0,2,5,5,0,1,0,0,0,0,0
780,781,1.0,3,1,0,1,0,0,0,1,1,3,0,1,0,0,0,0,0
781,782,1.0,1,1,0,0,0,1,0,2,5,3,1,0,0,0,0,0,0
782,783,0.0,1,0,0,0,1,0,0,1,4,4,1,0,0,0,0,0,0
783,784,0.0,3,0,0,0,1,0,0,4,4,5,0,0,0,1,0,0,0
784,785,0.0,3,0,0,0,1,0,0,1,1,4,0,0,0,0,0,0,1
785,786,0.0,3,0,0,0,1,0,0,1,1,4,0,0,1,0,0,0,0
786,787,1.0,3,1,0,1,0,0,0,1,1,3,0,0,1,0,0,0,0
787,788,0.0,3,0,1,0,0,0,0,0,4,2,0,0,1,0,0,0,0
788,789,1.0,3,0,1,0,0,0,0,4,3,1,0,0,0,0,1,0,0
789,790,0.0,1,0,0,0,1,0,0,1,5,5,0,0,0,0,0,1,0
790,791,0.0,3,0,0,0,1,0,0,1,1,4,1,0,0,0,0,0,0
791,792,0.0,2,0,0,0,1,0,0,1,4,3,0,1,0,0,0,0,0
792,793,0.0,3,1,0,1,0,0,0,0,5,3,0,0,0,0,1,0,0
793,794,0.0,1,0,0,0,1,0,0,1,4,5,0,0,0,0,0,1,0
794,795,0.0,3,0,0,0,1,0,0,1,2,4,0,0,1,0,0,0,0
795,796,0.0,2,0,0,0,1,0,0,1,3,5,0,1,0,0,0,0,0
796,797,1.0,1,1,0,0,0,0,1,1,4,5,1,0,0,0,0,0,0
797,798,1.0,3,1,0,0,0,1,0,1,2,5,0,0,1,0,0,0,0
798,799,0.0,3,0,0,0,1,0,0,1,1,4,0,1,0,0,0,0,0
799,800,0.0,3,1,0,0,0,1,0,3,4,4,0,0,1,0,0,0,0
800,801,0.0,2,0,0,0,1,0,0,1,3,5,0,1,0,0,0,0,0
801,802,1.0,2,1,0,0,0,1,0,3,4,5,0,0,0,0,1,0,0
802,803,1.0,1,0,1,0,0,0,0,4,5,2,1,0,0,0,0,0,0
803,804,1.0,3,0,1,0,0,0,0,2,2,1,0,1,0,0,0,0,0
804,805,1.0,3,0,0,0,1,0,0,1,1,4,0,0,1,0,0,0,0
805,806,0.0,3,0,0,0,1,0,0,1,1,5,0,0,1,0,0,0,0
806,807,0.0,1,0,0,0,1,0,0,1,1,5,1,0,0,0,0,0,0
807,808,0.0,3,1,0,1,0,0,0,1,1,3,0,0,1,0,0,0,0
808,809,0.0,2,0,0,0,1,0,0,1,3,5,0,1,0,0,0,0,0
809,810,1.0,1,1,0,0,0,1,0,2,5,5,1,0,0,0,0,0,0
810,811,0.0,3,0,0,0,1,0,0,1,2,4,0,0,1,0,0,0,0
811,812,0.0,3,0,0,0,1,0,0,1,4,5,0,0,0,1,0,0,0
812,813,0.0,2,0,0,0,1,0,0,1,2,5,0,1,0,0,0,0,0
813,814,0.0,3,1,0,1,0,0,0,0,4,2,0,0,1,0,0,0,0
814,815,0.0,3,0,0,0,1,0,0,1,2,5,0,0,1,0,0,0,0
815,816,0.0,1,0,0,0,1,0,0,1,1,4,1,0,0,0,0,0,0
816,817,0.0,3,1,0,1,0,0,0,1,2,4,0,0,0,0,0,0,1
817,818,0.0,2,0,0,0,1,0,0,3,4,5,0,0,0,0,0,0,1
818,819,0.0,3,0,0,0,1,0,0,1,1,5,0,0,0,0,1,0,0
819,820,0.0,3,0,1,0,0,0,0,0,4,2,0,0,1,0,0,0,0
820,821,1.0,1,1,0,0,0,1,0,3,5,6,1,0,0,0,0,0,0
821,822,1.0,3,0,0,0,1,0,0,1,2,4,0,0,1,0,0,0,0
822,823,0.0,1,0,0,0,0,0,1,1,1,5,1,0,0,0,0,0,0
823,824,1.0,3,1,0,0,0,1,0,2,3,4,0,0,1,0,0,0,0
824,825,0.0,3,0,1,0,0,0,0,0,4,1,0,0,1,0,0,0,0
825,826,0.0,3,0,0,0,1,0,0,1,1,4,0,0,1,0,0,0,0
826,827,0.0,3,0,0,0,1,0,0,1,5,5,1,0,0,0,0,0,0
827,828,1.0,2,0,1,0,0,0,0,3,4,1,0,0,0,0,0,0,1
828,829,1.0,3,0,0,0,1,0,0,1,1,4,0,0,1,0,0,0,0
829,830,1.0,1,1,0,0,0,1,0,1,5,6,1,0,0,0,0,0,0
830,831,1.0,3,1,0,0,0,1,0,2,3,3,0,1,0,0,0,0,0
831,832,1.0,2,0,1,0,0,0,0,3,3,1,0,1,0,0,0,0,0
832,833,0.0,3,0,0,0,1,0,0,1,1,4,0,1,0,0,0,0,0
833,834,0.0,3,0,0,0,1,0,0,1,1,4,0,0,1,0,0,0,0
834,835,0.0,3,0,0,0,1,0,0,1,2,3,0,1,0,0,0,0,0
835,836,1.0,1,1,0,1,0,0,0,3,5,5,0,0,0,0,0,1,0
836,837,0.0,3,0,0,0,1,0,0,1,2,4,0,0,1,0,0,0,0
837,838,0.0,3,0,0,0,1,0,0,1,2,4,0,0,1,0,0,0,0
838,839,1.0,3,0,0,0,1,0,0,1,5,5,1,0,0,0,0,0,0
839,840,1.0,1,0,0,0,1,0,0,1,4,5,1,0,0,0,0,0,0
840,841,0.0,3,0,0,0,1,0,0,1,2,4,0,0,0,0,0,0,1
841,842,0.0,2,0,0,0,1,0,0,1,2,3,0,0,0,0,0,0,1
842,843,1.0,1,1,0,1,0,0,0,1,4,4,1,0,0,0,0,0,0
843,844,0.0,3,0,0,0,1,0,0,1,1,5,0,1,0,0,0,0,0
844,845,0.0,3,0,0,0,1,0,0,1,2,3,0,0,1,0,0,0,0
845,846,0.0,3,0,0,0,1,0,0,1,1,5,0,0,0,0,1,0,0
846,847,0.0,3,0,0,0,1,0,0,0,5,3,0,0,0,0,1,0,0
847,848,0.0,3,0,0,0,1,0,0,1,2,5,0,0,1,0,0,0,0
848,849,0.0,2,0,0,0,0,0,1,2,4,4,0,1,0,0,0,0,0
849,850,1.0,1,1,0,0,0,1,0,2,5,5,1,0,0,0,0,0,0
850,851,0.0,3,0,1,0,0,0,0,0,4,1,0,0,1,0,0,0,0
851,852,0.0,3,0,0,0,1,0,0,1,1,7,0,0,1,0,0,0,0
852,853,0.0,3,1,0,1,0,0,0,3,3,2,0,1,0,0,0,0,0
853,854,1.0,1,1,0,1,0,0,0,2,4,3,0,0,0,0,0,1,0
854,855,0.0,2,1,0,0,0,1,0,2,4,5,0,1,0,0,0,0,0
855,856,1.0,3,1,0,0,0,1,0,2,2,3,0,0,1,0,0,0,0
856,857,1.0,1,1,0,0,0,1,0,3,5,5,0,0,1,0,0,0,0
857,858,1.0,1,0,0,0,1,0,0,1,4,6,1,0,0,0,0,0,0
858,859,1.0,3,1,0,0,0,1,0,4,3,4,0,1,0,0,0,0,0
859,860,0.0,3,0,0,0,1,0,0,1,1,4,0,1,0,0,0,0,0
860,861,0.0,3,0,0,0,1,0,0,3,3,5,0,0,1,0,0,0,0
861,862,0.0,2,0,0,0,1,0,0,2,3,4,0,1,0,0,0,0,0
862,863,1.0,1,1,0,0,0,1,0,1,4,5,1,0,0,0,0,0,0
863,864,0.0,3,1,0,1,0,0,0,0,5,3,0,0,0,0,1,0,0
864,865,0.0,2,0,0,0,1,0,0,1,3,4,0,1,0,0,0,0,0
865,866,1.0,2,1,0,0,0,1,0,1,3,5,0,1,0,0,0,0,0
866,867,1.0,2,1,0,1,0,0,0,2,3,4,0,0,0,0,0,0,1
867,868,0.0,1,0,0,0,1,0,0,1,5,5,0,0,0,0,0,1,0
868,869,0.0,3,0,0,0,1,0,0,1,2,4,0,0,1,0,0,0,0
869,870,1.0,3,0,1,0,0,0,0,3,3,1,0,0,1,0,0,0,0
870,871,0.0,3,0,0,0,1,0,0,1,2,4,0,0,1,0,0,0,0
871,872,1.0,1,1,0,0,0,1,0,3,5,5,1,0,0,0,0,0,0
872,873,0.0,1,0,0,0,1,0,0,1,1,5,0,0,0,1,0,0,0
873,874,0.0,3,0,0,0,1,0,0,1,2,5,0,0,1,0,0,0,0
874,875,1.0,2,1,0,0,0,1,0,2,4,4,0,0,0,0,0,1,0
875,876,1.0,3,1,0,1,0,0,0,1,1,3,0,1,0,0,0,0,0
876,877,0.0,3,0,0,0,1,0,0,1,2,4,0,0,0,1,0,0,0
877,878,0.0,3,0,0,0,1,0,0,1,2,4,0,0,1,0,0,0,0
878,879,0.0,3,0,0,0,1,0,0,1,2,4,0,0,1,0,0,0,0
879,880,1.0,1,1,0,0,0,1,0,2,5,6,1,0,0,0,0,0,0
880,881,1.0,2,1,0,0,0,1,0,2,4,4,0,1,0,0,0,0,0
881,882,0.0,3,0,0,0,1,0,0,1,2,5,0,0,1,0,0,0,0
882,883,0.0,3,1,0,1,0,0,0,1,3,4,0,0,0,1,0,0,0
883,884,0.0,2,0,0,0,1,0,0,1,2,4,0,0,0,0,1,0,0
884,885,0.0,3,0,0,0,1,0,0,1,1,4,0,0,0,0,0,0,1
885,886,0.0,3,1,0,0,0,1,0,0,4,5,0,0,1,0,0,0,0
886,887,0.0,2,0,0,0,0,0,1,1,3,4,0,1,0,0,0,0,0
887,888,1.0,1,1,0,1,0,0,0,1,4,4,1,0,0,0,0,0,0
888,889,0.0,3,1,0,1,0,0,0,4,4,2,0,0,0,1,0,0,0
889,890,1.0,1,0,0,0,1,0,0,1,4,4,1,0,0,0,0,0,0
890,891,0.0,3,0,0,0,1,0,0,1,1,5,0,0,1,0,0,0,0
891,892,,3,0,0,0,1,0,0,1,1,5,0,0,1,0,0,0,0
892,893,,3,1,0,0,0,1,0,2,1,5,0,0,1,0,0,0,0
893,894,,2,0,0,0,1,0,0,1,2,6,0,1,0,0,0,0,0
894,895,,3,0,0,0,1,0,0,1,2,4,0,0,1,0,0,0,0
895,896,,3,1,0,0,0,1,0,3,3,4,0,0,1,0,0,0,0
896,897,,3,0,0,0,1,0,0,1,2,3,0,0,0,1,0,0,0
897,898,,3,1,0,1,0,0,0,1,1,4,0,0,1,0,0,0,0
898,899,,2,0,0,0,1,0,0,3,4,4,0,1,0,0,0,0,0
899,900,,3,1,0,0,0,1,0,1,1,3,0,1,0,0,0,0,0
900,901,,3,0,0,0,1,0,0,3,4,4,0,0,0,1,0,0,0
901,902,,3,0,0,0,1,0,0,1,2,4,0,0,1,0,0,0,0
902,903,,1,0,0,0,1,0,0,1,4,5,0,0,0,1,0,0,0
903,904,,1,1,0,0,0,1,0,2,5,4,0,1,0,0,0,0,0
904,905,,2,0,0,0,1,0,0,2,4,6,0,1,0,0,0,0,0
905,906,,1,1,0,0,0,1,0,2,5,5,0,0,0,1,0,0,0
906,907,,2,1,0,0,0,1,0,2,4,4,0,0,0,0,0,0,1
907,908,,2,0,0,0,1,0,0,1,3,5,0,1,0,0,0,0,0
908,909,,3,0,0,0,1,0,0,1,1,4,0,1,0,0,0,0,0
909,910,,3,1,0,1,0,0,0,2,2,4,0,0,0,0,0,0,1
910,911,,3,1,0,0,0,1,0,1,1,5,0,1,0,0,0,0,0
911,912,,1,0,0,0,1,0,0,2,5,6,0,0,0,0,0,1,0
912,913,,3,0,1,0,0,0,0,2,1,2,0,0,0,0,1,0,0
913,914,,1,1,0,0,0,1,0,1,4,5,0,0,0,0,0,1,0
914,915,,1,0,0,0,1,0,0,2,5,4,0,0,0,0,0,1,0
915,916,,1,1,0,0,0,1,0,0,5,5,0,0,0,0,0,1,0
916,917,,3,0,0,0,1,0,0,2,3,5,0,0,0,1,0,0,0
917,918,,1,1,0,1,0,0,0,2,5,4,1,0,0,0,0,0,0
918,919,,3,0,0,0,1,0,0,1,1,4,0,1,0,0,0,0,0
919,920,,1,0,0,0,1,0,0,1,4,5,1,0,0,0,0,0,0
920,921,,3,0,0,0,1,0,0,3,4,4,0,1,0,0,0,0,0
921,922,,2,0,0,0,1,0,0,2,4,5,0,0,0,0,0,0,1
922,923,,2,0,0,0,1,0,0,3,4,4,0,0,0,0,1,0,0
923,924,,3,1,0,0,0,1,0,4,3,5,0,0,0,0,1,0,0
924,925,,3,1,0,0,0,1,0,4,4,5,0,0,0,1,0,0,0
925,926,,1,0,0,0,1,0,0,2,5,4,1,0,0,0,0,0,0
926,927,,3,0,0,0,1,0,0,1,1,4,0,1,0,0,0,0,0
927,928,,3,1,0,1,0,0,0,1,2,4,0,0,1,0,0,0,0
928,929,,3,1,0,1,0,0,0,1,2,4,0,0,1,0,0,0,0
929,930,,3,0,0,0,1,0,0,1,2,4,0,0,1,0,0,0,0
930,931,,3,0,0,0,1,0,0,1,5,5,1,0,0,0,0,0,0
931,932,,3,0,0,0,1,0,0,2,3,5,0,0,1,0,0,0,0
932,933,,1,0,0,0,1,0,0,1,4,5,1,0,0,0,0,0,0
933,934,,3,0,0,0,1,0,0,1,1,5,0,0,0,0,0,0,1
934,935,,2,1,0,0,0,1,0,1,3,4,0,1,0,0,0,0,0
935,936,,1,1,0,0,0,1,0,2,5,5,1,0,0,0,0,0,0
936,937,,3,0,0,0,1,0,0,1,2,4,0,0,0,0,0,0,1
937,938,,1,0,0,0,1,0,0,1,4,5,0,0,0,0,0,1,0
938,939,,3,0,0,0,1,0,0,1,1,4,0,0,1,0,0,0,0
939,940,,1,1,0,0,0,1,0,1,5,6,1,0,0,0,0,0,0
940,941,,3,1,0,0,0,1,0,3,3,5,0,0,0,0,1,0,0
941,942,,1,0,0,0,1,0,0,2,5,4,1,0,0,0,0,0,0
942,943,,2,0,0,0,1,0,0,1,3,4,0,0,0,0,0,0,1
943,944,,2,1,0,1,0,0,0,4,4,4,0,1,0,0,0,0,0
944,945,,1,1,0,1,0,0,0,0,5,4,1,0,0,0,0,0,0
945,946,,2,0,0,0,1,0,0,1,3,5,0,0,0,0,0,0,1
946,947,,3,0,1,0,0,0,0,0,4,2,0,0,1,0,0,0,0
947,948,,3,0,0,0,1,0,0,1,2,5,0,0,1,0,0,0,0
948,949,,3,0,0,0,1,0,0,1,1,4,0,0,1,0,0,0,0
949,950,,3,0,0,0,1,0,0,2,3,4,0,0,1,0,0,0,0
950,951,,1,1,0,1,0,0,0,1,5,5,0,0,0,0,0,1,0
951,952,,3,0,0,0,1,0,0,1,2,3,0,0,1,0,0,0,0
952,953,,2,0,0,0,1,0,0,1,3,5,0,1,0,0,0,0,0
953,954,,3,0,0,0,1,0,0,1,1,3,0,0,1,0,0,0,0
954,955,,3,1,0,1,0,0,0,1,1,4,0,0,1,0,0,0,0
955,956,,1,0,1,0,0,0,0,0,5,3,0,0,0,0,0,1,0
956,957,,2,1,0,0,0,1,0,1,3,5,0,0,0,1,0,0,0
957,958,,3,1,0,1,0,0,0,1,2,3,0,0,1,0,0,0,0
958,959,,1,0,0,0,1,0,0,1,5,5,1,0,0,0,0,0,0
959,960,,1,0,0,0,1,0,0,1,4,5,0,1,0,0,0,0,0
960,961,,1,1,0,0,0,1,0,0,5,6,1,0,0,0,0,0,0
961,962,,3,1,0,1,0,0,0,1,1,4,0,0,1,0,0,0,0
962,963,,3,0,0,0,1,0,0,1,2,4,0,0,1,0,0,0,0
963,964,,3,1,0,1,0,0,0,1,2,4,0,0,1,0,0,0,0
964,965,,1,0,0,0,1,0,0,1,4,4,0,0,0,0,0,1,0
965,966,,1,1,0,1,0,0,0,1,5,5,1,0,0,0,0,0,0
966,967,,1,0,0,0,1,0,0,1,5,5,1,0,0,0,0,0,0
967,968,,3,0,0,0,1,0,0,1,2,4,0,0,1,0,0,0,0
968,969,,1,1,0,0,0,1,0,3,4,6,1,0,0,0,0,0,0
969,970,,2,0,0,0,1,0,0,1,3,4,0,1,0,0,0,0,0
970,971,,3,1,0,1,0,0,0,1,1,4,0,0,1,0,0,0,0
971,972,,3,0,1,0,0,0,0,3,3,2,0,1,0,0,0,0,0
972,973,,1,0,0,0,1,0,0,2,5,7,0,0,0,0,0,1,0
973,974,,1,0,0,0,1,0,0,1,4,5,1,0,0,0,0,0,0
974,975,,3,0,0,0,1,0,0,1,2,4,0,0,1,0,0,0,0
975,976,,2,0,0,0,1,0,0,1,3,5,0,1,0,0,0,0,0
976,977,,3,0,0,0,1,0,0,2,3,4,0,1,0,0,0,0,0
977,978,,3,1,0,1,0,0,0,1,2,4,0,0,1,0,0,0,0
978,979,,3,1,0,1,0,0,0,1,2,3,0,0,0,1,0,0,0
979,980,,3,1,0,0,0,1,0,1,1,5,0,0,1,0,0,0,0
980,981,,2,0,1,0,0,0,0,3,4,1,0,1,0,0,0,0,0
981,982,,3,1,0,0,0,1,0,2,3,4,0,0,1,0,0,0,0
982,983,,3,0,0,0,1,0,0,1,1,4,0,0,1,0,0,0,0
983,984,,1,1,0,0,0,1,0,4,5,4,0,0,0,1,0,0,0
984,985,,3,0,0,0,1,0,0,1,2,4,0,0,1,0,0,0,0
985,986,,1,0,0,0,1,0,0,1,4,4,1,0,0,0,0,0,0
986,987,,3,0,0,0,1,0,0,1,1,4,0,0,1,0,0,0,0
987,988,,1,1,0,0,0,1,0,2,5,7,1,0,0,0,0,0,0
988,989,,3,0,0,0,1,0,0,1,2,4,0,0,0,0,0,0,1
989,990,,3,1,0,1,0,0,0,1,1,4,0,0,1,0,0,0,0
990,991,,3,0,0,0,1,0,0,1,2,5,0,0,0,1,0,0,0
991,992,,1,1,0,0,0,1,0,2,5,5,1,0,0,0,0,0,0
992,993,,2,0,0,0,1,0,0,2,4,4,0,1,0,0,0,0,0
993,994,,3,0,0,0,1,0,0,1,1,4,0,0,1,0,0,0,0
994,995,,3,0,0,0,1,0,0,1,1,4,0,0,1,0,0,0,0
995,996,,3,1,0,0,0,1,0,3,2,3,0,1,0,0,0,0,0
996,997,,3,0,0,0,1,0,0,1,4,4,0,0,0,0,1,0,0
997,998,,3,0,0,0,1,0,0,1,1,4,0,0,1,0,0,0,0
998,999,,3,0,0,0,1,0,0,1,1,4,0,0,1,0,0,0,0
999,1000,,3,0,0,0,1,0,0,1,2,4,0,0,1,0,0,0,0
1000,1001,,2,0,0,0,1,0,0,1,3,4,0,1,0,0,0,0,0
1001,1002,,2,0,0,0,1,0,0,1,3,5,0,1,0,0,0,0,0
1002,1003,,3,1,0,1,0,0,0,1,1,4,0,0,1,0,0,0,0
1003,1004,,1,1,0,1,0,0,0,1,4,5,0,0,0,0,0,1,0
1004,1005,,3,1,0,1,0,0,0,1,1,4,0,0,1,0,0,0,0
1005,1006,,1,1,0,0,0,1,0,2,5,6,0,0,0,0,0,1,0
1006,1007,,3,0,0,0,1,0,0,2,3,3,0,1,0,0,0,0,0
1007,1008,,3,0,0,0,1,0,0,1,1,4,0,1,0,0,0,0,0
1008,1009,,3,1,0,1,0,0,0,3,3,1,0,0,0,0,0,1,0
1009,1010,,1,0,0,0,1,0,0,1,5,5,1,0,0,0,0,0,0
1010,1011,,2,1,0,0,0,1,0,2,4,4,0,0,0,0,0,0,1
1011,1012,,2,1,0,1,0,0,0,1,3,2,0,0,0,0,1,0,0
1012,1013,,3,0,0,0,1,0,0,2,1,4,0,0,1,0,0,0,0
1013,1014,,1,1,0,0,0,1,0,2,5,5,1,0,0,0,0,0,0
1014,1015,,3,0,0,0,1,0,0,1,1,4,0,0,1,0,0,0,0
1015,1016,,3,0,0,0,1,0,0,1,1,4,0,0,1,0,0,0,0
1016,1017,,3,1,0,1,0,0,0,2,3,3,0,0,1,0,0,0,0
1017,1018,,3,0,0,0,1,0,0,1,1,4,0,0,1,0,0,0,0
1018,1019,,3,1,0,1,0,0,0,3,4,3,0,0,1,0,0,0,0
1019,1020,,2,0,0,0,1,0,0,1,3,5,0,1,0,0,0,0,0
1020,1021,,3,0,0,0,1,0,0,1,2,4,0,0,1,0,0,0,0
1021,1022,,3,0,0,0,1,0,0,1,2,5,0,0,0,0,0,0,1
1022,1023,,1,0,0,0,0,0,1,1,4,6,1,0,0,0,0,0,0
1023,1024,,3,1,0,0,0,1,0,0,4,5,0,0,0,1,0,0,0
1024,1025,,3,0,0,0,1,0,0,2,1,4,0,1,0,0,0,0,0
1025,1026,,3,0,0,0,1,0,0,1,2,5,0,0,1,0,0,0,0
1026,1027,,3,0,0,0,1,0,0,1,1,4,0,0,1,0,0,0,0
1027,1028,,3,0,0,0,1,0,0,1,1,4,0,1,0,0,0,0,0
1028,1029,,2,0,0,0,1,0,0,1,3,4,0,1,0,0,0,0,0
1029,1030,,3,1,0,1,0,0,0,1,2,4,0,0,0,0,0,0,1
1030,1031,,3,0,0,0,1,0,0,0,5,5,0,0,0,0,1,0,0
1031,1032,,3,1,0,1,0,0,0,0,5,2,0,0,0,0,1,0,0
1032,1033,,1,1,0,1,0,0,0,1,5,5,1,0,0,0,0,0,0
1033,1034,,1,0,0,0,1,0,0,0,5,6,0,0,0,0,0,1,0
1034,1035,,2,0,0,0,1,0,0,1,4,4,0,1,0,0,0,0,0
1035,1036,,1,0,0,0,1,0,0,1,4,5,1,0,0,0,0,0,0
1036,1037,,3,0,0,0,1,0,0,4,3,5,0,0,1,0,0,0,0
1037,1038,,1,0,0,0,1,0,0,1,5,5,1,0,0,0,0,0,0
1038,1039,,3,0,0,0,1,0,0,1,2,4,0,0,0,0,0,0,1
1039,1040,,1,0,0,0,1,0,0,1,4,5,1,0,0,0,0,0,0
1040,1041,,2,0,0,0,0,0,1,3,4,4,0,1,0,0,0,0,0
1041,1042,,1,1,0,0,0,1,0,2,5,4,1,0,0,0,0,0,0
1042,1043,,3,0,0,0,1,0,0,1,2,4,0,0,1,0,0,0,0
1043,1044,,3,0,0,0,1,0,0,1,2,6,0,0,1,0,0,0,0
1044,1045,,3,1,0,0,0,1,0,3,3,5,0,0,1,0,0,0,0
1045,1046,,3,0,1,0,0,0,0,0,4,3,0,0,1,0,0,0,0
1046,1047,,3,0,0,0,1,0,0,1,1,4,0,0,0,0,0,0,1
1047,1048,,1,1,0,1,0,0,0,1,5,4,0,0,0,0,0,1,0
1048,1049,,3,1,0,1,0,0,0,1,1,4,0,0,1,0,0,0,0
1049,1050,,1,0,0,0,1,0,0,1,4,5,1,0,0,0,0,0,0
1050,1051,,3,1,0,0,0,1,0,3,3,4,0,0,0,0,0,0,1
1051,1052,,3,1,0,1,0,0,0,1,1,4,0,0,1,0,0,0,0
1052,1053,,3,0,1,0,0,0,0,3,3,2,0,1,0,0,0,0,0
1053,1054,,2,1,0,1,0,0,0,1,3,4,0,1,0,0,0,0,0
1054,1055,,3,0,0,0,1,0,0,1,1,4,0,0,1,0,0,0,0
1055,1056,,2,0,0,0,0,0,1,1,3,5,0,1,0,0,0,0,0
1056,1057,,3,1,0,0,0,1,0,3,4,4,0,0,1,0,0,0,0
1057,1058,,1,0,0,0,1,0,0,1,5,5,0,0,0,0,0,1,0
1058,1059,,3,0,0,0,1,0,0,0,4,3,0,0,0,1,0,0,0
1059,1060,,1,1,0,0,0,1,0,1,4,5,1,0,0,0,0,0,0
1060,1061,,3,1,0,1,0,0,0,1,2,4,0,0,0,1,0,0,0
1061,1062,,3,0,0,0,1,0,0,1,1,4,0,0,0,0,0,0,1
1062,1063,,3,0,0,0,1,0,0,1,1,4,0,1,0,0,0,0,0
1063,1064,,3,0,0,0,1,0,0,2,3,4,0,0,1,0,0,0,0
1064,1065,,3,0,0,0,1,0,0,1,1,4,0,1,0,0,0,0,0
1065,1066,,3,0,0,0,1,0,0,0,4,5,0,0,1,0,0,0,0
1066,1067,,2,1,0,1,0,0,0,3,4,3,0,1,0,0,0,0,0
1067,1068,,2,1,0,1,0,0,0,1,4,4,0,0,0,0,1,0,0
1068,1069,,1,0,0,0,1,0,0,2,5,6,1,0,0,0,0,0,0
1069,1070,,2,1,0,0,0,1,0,4,4,5,0,1,0,0,0,0,0
1070,1071,,1,1,0,0,0,1,0,3,5,6,0,0,0,0,0,1,0
1071,1072,,2,0,0,0,1,0,0,1,3,4,0,1,0,0,0,0,0
1072,1073,,1,0,0,0,1,0,0,3,5,5,0,0,0,0,0,1,0
1073,1074,,1,1,0,0,0,1,0,2,5,3,1,0,0,0,0,0,0
1074,1075,,3,0,0,0,1,0,0,1,1,4,0,0,0,1,0,0,0
1075,1076,,1,1,0,0,0,1,0,3,5,4,0,0,0,0,0,1,0
1076,1077,,2,0,0,0,1,0,0,1,3,5,0,1,0,0,0,0,0
1077,1078,,2,1,0,1,0,0,0,2,3,4,0,0,0,0,0,0,1
1078,1079,,3,0,0,0,1,0,0,3,2,3,0,0,0,1,0,0,0
1079,1080,,3,1,0,1,0,0,0,0,5,3,0,0,0,0,1,0,0
1080,1081,,2,0,0,0,1,0,0,1,3,5,0,1,0,0,0,0,0
1081,1082,,2,0,0,0,1,0,0,2,4,5,0,1,0,0,0,0,0
1082,1083,,1,0,0,0,1,0,0,1,4,5,1,0,0,0,0,0,0
1083,1084,,3,0,1,0,0,0,0,3,3,2,0,0,0,1,0,0,0
1084,1085,,2,0,0,0,1,0,0,1,3,6,0,1,0,0,0,0,0
1085,1086,,2,0,1,0,0,0,0,3,4,2,0,1,0,0,0,0,0
1086,1087,,3,0,0,0,1,0,0,1,1,5,0,0,1,0,0,0,0
1087,1088,,1,0,1,0,0,0,0,3,5,2,1,0,0,0,0,0,0
1088,1089,,3,1,0,1,0,0,0,1,1,3,0,0,1,0,0,0,0
1089,1090,,2,0,0,0,1,0,0,1,2,4,0,0,0,0,1,0,0
1090,1091,,3,1,0,0,0,1,0,1,2,5,0,0,0,1,0,0,0
1091,1092,,3,1,0,1,0,0,0,1,3,4,0,0,1,0,0,0,0
1092,1093,,3,0,1,0,0,0,0,3,3,1,0,0,1,0,0,0,0
1093,1094,,1,0,0,0,0,0,1,2,5,5,0,0,0,0,0,1,0
1094,1095,,2,1,0,1,0,0,0,3,4,2,0,1,0,0,0,0,0
1095,1096,,2,0,0,0,1,0,0,1,2,4,0,0,0,0,1,0,0
1096,1097,,1,0,0,0,1,0,0,1,4,5,0,0,0,1,0,0,0
1097,1098,,3,1,0,1,0,0,0,1,1,5,0,0,0,1,0,0,0
1098,1099,,2,0,0,0,1,0,0,1,2,4,0,1,0,0,0,0,0
1099,1100,,1,1,0,1,0,0,0,1,4,5,0,0,0,0,0,1,0
1100,1101,,3,0,0,0,1,0,0,1,2,4,0,0,1,0,0,0,0
1101,1102,,3,0,0,0,1,0,0,1,4,5,0,0,0,0,1,0,0
1102,1103,,3,0,0,0,1,0,0,1,1,4,0,0,0,0,0,0,1
1103,1104,,2,0,0,0,1,0,0,1,5,3,0,0,0,0,0,0,1
1104,1105,,2,1,0,0,0,1,0,2,4,6,0,1,0,0,0,0,0
1105,1106,,3,1,0,1,0,0,0,0,1,5,0,0,1,0,0,0,0
1106,1107,,1,0,0,0,1,0,0,1,5,5,1,0,0,0,0,0,0
1107,1108,,3,1,0,1,0,0,0,1,2,4,0,0,1,0,0,0,0
1108,1109,,1,0,0,0,1,0,0,3,5,6,0,0,1,0,0,0,0
1109,1110,,1,1,0,0,0,1,0,3,5,5,1,0,0,0,0,0,0
1110,1111,,3,0,0,0,1,0,0,1,2,4,0,0,1,0,0,0,0
1111,1112,,2,1,0,1,0,0,0,2,3,4,0,0,0,0,0,0,1
1112,1113,,3,0,0,0,1,0,0,1,2,4,0,0,1,0,0,0,0
1113,1114,,2,1,0,0,0,1,0,1,2,4,0,0,0,1,0,0,0
1114,1115,,3,0,0,0,1,0,0,1,1,4,0,0,1,0,0,0,0
1115,1116,,1,1,0,0,0,1,0,1,4,6,0,0,0,0,0,1,0
1116,1117,,3,1,0,0,0,1,0,3,3,5,0,1,0,0,0,0,0
1117,1118,,3,0,0,0,1,0,0,1,1,4,0,0,1,0,0,0,0
1118,1119,,3,1,0,1,0,0,0,1,1,4,0,0,1,0,0,0,0
1119,1120,,3,0,0,0,1,0,0,1,3,5,0,0,0,0,1,0,0
1120,1121,,2,0,0,0,1,0,0,1,3,5,0,1,0,0,0,0,0
1121,1122,,2,0,0,0,1,0,0,1,5,3,0,1,0,0,0,0,0
1122,1123,,1,1,0,1,0,0,0,1,4,4,1,0,0,0,0,0,0
1123,1124,,3,0,0,0,1,0,0,2,1,4,0,0,1,0,0,0,0
1124,1125,,3,0,0,0,1,0,0,1,2,4,0,0,1,0,0,0,0
1125,1126,,1,0,0,0,1,0,0,2,5,5,0,0,0,0,0,1,0
1126,1127,,3,0,0,0,1,0,0,1,1,4,0,0,1,0,0,0,0
1127,1128,,1,0,0,0,1,0,0,2,5,6,1,0,0,0,0,0,0
1128,1129,,3,0,0,0,1,0,0,1,1,4,0,1,0,0,0,0,0
1129,1130,,2,1,0,1,0,0,0,3,3,3,0,1,0,0,0,0,0
1130,1131,,1,1,0,0,0,1,0,2,5,5,0,0,0,0,0,1,0
1131,1132,,1,1,0,0,0,1,0,1,4,6,1,0,0,0,0,0,0
1132,1133,,2,1,0,0,0,1,0,3,4,5,0,1,0,0,0,0,0
1133,1134,,1,0,0,0,1,0,0,3,5,5,1,0,0,0,0,0,0
1134,1135,,3,0,0,0,1,0,0,1,2,4,0,0,1,0,0,0,0
1135,1136,,3,0,1,0,0,0,0,4,4,1,0,0,0,1,0,0,0
1136,1137,,1,0,0,0,1,0,0,2,5,5,1,0,0,0,0,0,0
1137,1138,,2,1,0,0,0,1,0,1,3,4,0,0,0,1,0,0,0
1138,1139,,2,0,0,0,1,0,0,3,4,5,0,1,0,0,0,0,0
1139,1140,,2,1,0,0,0,1,0,2,4,4,0,1,0,0,0,0,0
1140,1141,,3,1,0,0,0,1,0,2,3,4,0,1,0,0,0,0,0
1141,1142,,2,1,0,1,0,0,0,4,4,1,0,0,0,0,1,0,0
1142,1143,,3,0,0,0,1,0,0,1,2,4,0,0,0,0,0,0,1
1143,1144,,1,0,0,0,1,0,0,2,5,4,1,0,0,0,0,0,0
1144,1145,,3,0,0,0,1,0,0,1,2,4,0,0,0,1,0,0,0
1145,1146,,3,0,0,0,1,0,0,1,2,5,0,0,1,0,0,0,0
1146,1147,,3,0,0,0,1,0,0,1,1,4,0,0,0,0,1,0,0
1147,1148,,3,0,0,0,1,0,0,1,1,4,0,0,0,1,0,0,0
1148,1149,,3,0,0,0,1,0,0,1,2,4,0,0,1,0,0,0,0
1149,1150,,2,1,0,1,0,0,0,1,3,4,0,1,0,0,0,0,0
1150,1151,,3,0,0,0,1,0,0,1,1,4,0,0,1,0,0,0,0
1151,1152,,3,0,0,0,1,0,0,2,3,5,0,0,1,0,0,0,0
1152,1153,,3,0,0,0,1,0,0,1,1,4,0,0,1,0,0,0,0
1153,1154,,2,1,0,0,0,1,0,3,4,4,0,1,0,0,0,0,0
1154,1155,,3,1,0,1,0,0,0,3,3,1,0,0,1,0,0,0,0
1155,1156,,2,0,0,0,1,0,0,1,3,4,0,0,0,0,1,0,0
1156,1157,,3,0,0,0,1,0,0,1,2,4,0,0,1,0,0,0,0
1157,1158,,1,0,0,0,1,0,0,1,1,4,1,0,0,0,0,0,0
1158,1159,,3,0,0,0,1,0,0,1,1,4,0,0,0,0,1,0,0
1159,1160,,3,1,0,1,0,0,0,1,2,4,0,0,0,1,0,0,0
1160,1161,,3,0,0,0,1,0,0,1,2,3,0,0,1,0,0,0,0
1161,1162,,1,0,0,0,1,0,0,1,5,5,1,0,0,0,0,0,0
1162,1163,,3,0,0,0,1,0,0,1,1,4,0,0,1,0,0,0,0
1163,1164,,1,1,0,0,0,1,0,2,5,4,1,0,0,0,0,0,0
1164,1165,,3,1,0,1,0,0,0,2,3,2,0,0,1,0,0,0,0
1165,1166,,3,0,0,0,1,0,0,1,1,4,0,1,0,0,0,0,0
1166,1167,,2,1,0,1,0,0,0,2,4,4,0,1,0,0,0,0,0
1167,1168,,2,0,0,0,1,0,0,1,2,4,0,0,0,0,0,0,1
1168,1169,,2,0,0,0,1,0,0,2,4,5,0,1,0,0,0,0,0
1169,1170,,2,0,0,0,1,0,0,2,3,4,0,0,0,0,1,0,0
1170,1171,,2,0,0,0,1,0,0,1,2,4,0,0,0,1,0,0,0
1171,1172,,3,1,0,1,0,0,0,1,2,4,0,0,1,0,0,0,0
1172,1173,,3,0,1,0,0,0,0,3,3,1,0,0,0,0,0,0,1
1173,1174,,3,1,0,1,0,0,0,1,1,4,0,0,1,0,0,0,0
1174,1175,,3,1,0,1,0,0,0,3,3,2,0,1,0,0,0,0,0
1175,1176,,3,1,0,1,0,0,0,3,3,1,0,0,1,0,0,0,0
1176,1177,,3,0,0,0,1,0,0,1,1,5,0,0,0,1,0,0,0
1177,1178,,3,0,0,0,1,0,0,1,1,4,0,0,0,0,0,0,1
1178,1179,,1,0,0,0,1,0,0,2,5,4,0,1,0,0,0,0,0
1179,1180,,3,0,0,0,1,0,0,1,1,4,0,1,0,0,0,0,0
1180,1181,,3,0,0,0,1,0,0,1,2,4,0,0,0,1,0,0,0
1181,1182,,1,0,0,0,1,0,0,1,4,5,0,0,0,0,0,1,0
1182,1183,,3,1,0,1,0,0,0,1,1,4,0,0,1,0,0,0,0
1183,1184,,3,0,0,0,1,0,0,1,1,4,0,1,0,0,0,0,0
1184,1185,,1,0,0,0,0,0,1,3,5,6,0,0,1,0,0,0,0
1185,1186,,3,0,0,0,1,0,0,1,2,5,0,0,1,0,0,0,0
1186,1187,,3,0,0,0,1,0,0,1,2,4,0,0,1,0,0,0,0
1187,1188,,2,1,0,1,0,0,0,4,4,1,0,0,0,0,0,0,1
1188,1189,,3,0,0,0,1,0,0,3,4,4,0,1,0,0,0,0,0
1189,1190,,1,0,0,0,1,0,0,1,5,4,1,0,0,0,0,0,0
1190,1191,,3,0,0,0,1,0,0,1,1,4,0,0,1,0,0,0,0
1191,1192,,3,0,0,0,1,0,0,1,1,5,0,0,1,0,0,0,0
1192,1193,,2,0,0,0,1,0,0,1,3,5,0,1,0,0,0,0,0
1193,1194,,2,0,0,0,1,0,0,2,3,5,0,0,0,0,0,0,1
1194,1195,,3,0,0,0,1,0,0,1,2,4,0,0,1,0,0,0,0
1195,1196,,3,1,0,1,0,0,0,1,1,4,0,0,1,0,0,0,0
1196,1197,,1,1,0,0,0,1,0,3,4,6,1,0,0,0,0,0,0
1197,1198,,1,0,0,0,1,0,0,4,5,4,1,0,0,0,0,0,0
1198,1199,,3,0,1,0,0,0,0,2,2,1,0,0,1,0,0,0,0
1199,1200,,1,0,0,0,1,0,0,3,5,6,1,0,0,0,0,0,0
1200,1201,,3,1,0,0,0,1,0,2,3,5,0,0,1,0,0,0,0
1201,1202,,3,0,0,0,1,0,0,1,2,3,0,0,1,0,0,0,0
1202,1203,,3,0,0,0,1,0,0,1,1,4,0,1,0,0,0,0,0
1203,1204,,3,0,0,0,1,0,0,1,1,4,0,0,0,1,0,0,0
1204,1205,,3,1,0,1,0,0,0,1,1,5,0,0,1,0,0,0,0
1205,1206,,1,1,0,0,0,1,0,1,5,6,0,0,0,0,0,1,0
1206,1207,,3,1,0,1,0,0,0,1,1,3,0,0,0,1,0,0,0
1207,1208,,1,0,0,0,1,0,0,2,5,6,0,0,0,0,0,1,0
1208,1209,,2,0,0,0,1,0,0,1,2,4,0,1,0,0,0,0,0
1209,1210,,3,0,0,0,1,0,0,1,1,4,0,0,1,0,0,0,0
1210,1211,,2,0,0,0,1,0,0,3,4,4,0,0,0,0,1,0,0
1211,1212,,3,0,0,0,1,0,0,1,1,4,0,0,1,0,0,0,0
1212,1213,,3,0,0,0,1,0,0,1,1,4,0,1,0,0,0,0,0
1213,1214,,2,0,0,0,1,0,0,1,3,4,0,1,0,0,0,0,0
1214,1215,,1,0,0,0,1,0,0,1,4,5,1,0,0,0,0,0,0
1215,1216,,1,1,0,1,0,0,0,1,5,5,0,1,0,0,0,0,0
1216,1217,,3,0,0,0,1,0,0,1,1,4,0,0,0,0,0,0,1
1217,1218,,2,1,0,1,0,0,0,4,4,2,0,1,0,0,0,0,0
1218,1219,,1,0,0,0,1,0,0,1,5,5,0,0,0,0,0,1,0
1219,1220,,2,0,0,0,1,0,0,2,4,4,0,1,0,0,0,0,0
1220,1221,,2,0,0,0,1,0,0,1,3,4,0,1,0,0,0,0,0
1221,1222,,2,1,0,0,0,1,0,3,4,5,0,0,0,0,1,0,0
1222,1223,,1,0,0,0,1,0,0,1,4,5,0,0,0,0,0,1,0
1223,1224,,3,0,0,0,1,0,0,1,1,4,0,1,0,0,0,0,0
1224,1225,,3,1,0,0,0,1,0,3,3,4,0,1,0,0,0,0,0
1225,1226,,3,0,0,0,1,0,0,1,2,4,0,0,1,0,0,0,0
1226,1227,,1,0,0,0,1,0,0,1,4,4,1,0,0,0,0,0,0
1227,1228,,2,0,0,0,1,0,0,1,3,5,0,1,0,0,0,0,0
1228,1229,,3,0,0,0,1,0,0,3,1,5,0,1,0,0,0,0,0
1229,1230,,2,0,0,0,1,0,0,1,4,4,0,0,0,0,1,0,0
1230,1231,,3,0,1,0,0,0,0,1,1,2,0,1,0,0,0,0,0
1231,1232,,2,0,0,0,1,0,0,1,2,3,0,0,0,0,1,0,0
1232,1233,,3,0,0,0,1,0,0,1,1,5,0,0,1,0,0,0,0
1233,1234,,3,0,0,0,1,0,0,0,5,5,0,0,0,0,1,0,0
1234,1235,,1,1,0,0,0,1,0,2,5,6,0,0,0,0,0,1,0
1235,1236,,3,0,1,0,0,0,0,3,3,2,0,0,0,1,0,0,0
1236,1237,,3,1,0,1,0,0,0,1,1,3,0,0,1,0,0,0,0
1237,1238,,2,0,0,0,1,0,0,1,3,4,0,1,0,0,0,0,0
1238,1239,,3,1,0,0,0,1,0,1,1,5,0,1,0,0,0,0,0
1239,1240,,2,0,0,0,1,0,0,1,3,4,0,1,0,0,0,0,0
1240,1241,,2,1,0,1,0,0,0,1,3,5,0,0,0,1,0,0,0
1241,1242,,1,1,0,0,0,1,0,2,5,5,0,0,0,0,0,1,0
1242,1243,,2,0,0,0,1,0,0,1,2,4,0,0,0,1,0,0,0
1243,1244,,2,0,0,0,1,0,0,1,5,3,0,0,0,0,0,0,1
1244,1245,,2,0,0,0,1,0,0,4,5,5,0,1,0,0,0,0,0
1245,1246,,3,1,0,1,0,0,0,4,3,1,0,0,0,0,1,0,0
1246,1247,,1,0,0,0,1,0,0,1,4,5,1,0,0,0,0,0,0
1247,1248,,1,1,0,0,0,1,0,3,5,6,1,0,0,0,0,0,0
1248,1249,,3,0,0,0,1,0,0,1,2,4,1,0,0,0,0,0,0
1249,1250,,3,0,0,0,1,0,0,1,1,4,0,0,1,0,0,0,0
1250,1251,,3,1,0,0,0,1,0,2,3,4,0,0,1,0,0,0,0
1251,1252,,3,0,1,0,0,0,0,0,5,3,0,0,0,0,1,0,0
1252,1253,,2,1,0,0,0,1,0,3,4,4,0,0,0,0,0,0,1
1253,1254,,2,1,0,0,0,1,0,1,3,5,0,0,0,0,1,0,0
1254,1255,,3,0,0,0,1,0,0,1,2,4,0,0,1,0,0,0,0
1255,1256,,1,1,0,0,0,1,0,2,5,4,1,0,0,0,0,0,0
1256,1257,,3,1,0,0,0,1,0,0,5,5,0,0,0,0,1,0,0
1257,1258,,3,0,0,0,1,0,0,2,3,4,0,1,0,0,0,0,0
1258,1259,,3,1,0,1,0,0,0,1,4,4,0,0,1,0,0,0,0
1259,1260,,1,1,0,0,0,1,0,2,5,5,1,0,0,0,0,0,0
1260,1261,,2,0,0,0,1,0,0,1,3,4,0,0,0,0,0,0,1
1261,1262,,2,0,0,0,1,0,0,2,3,4,0,1,0,0,0,0,0
1262,1263,,1,1,0,1,0,0,0,1,5,5,1,0,0,0,0,0,0
1263,1264,,1,0,0,0,1,0,0,1,1,5,1,0,0,0,0,0,0
1264,1265,,2,0,0,0,1,0,0,1,3,5,0,1,0,0,0,0,0
1265,1266,,1,1,0,0,0,1,0,3,5,6,0,0,1,0,0,0,0
1266,1267,,1,1,0,1,0,0,0,1,5,5,0,0,0,0,0,1,0
1267,1268,,3,1,0,1,0,0,0,3,2,4,0,0,1,0,0,0,0
1268,1269,,2,0,0,0,1,0,0,1,3,4,0,1,0,0,0,0,0
1269,1270,,1,0,0,0,1,0,0,1,5,6,0,0,0,1,0,0,0
1270,1271,,3,0,1,0,0,0,0,0,4,2,0,0,1,0,0,0,0
1271,1272,,3,0,0,0,1,0,0,1,1,4,0,0,1,0,0,0,0
1272,1273,,3,0,0,0,1,0,0,1,2,4,0,0,1,0,0,0,0
1273,1274,,3,1,0,0,0,1,0,1,3,5,0,0,1,0,0,0,0
1274,1275,,3,1,0,0,0,1,0,2,3,4,0,0,1,0,0,0,0
1275,1276,,2,0,0,0,1,0,0,1,3,5,0,0,0,0,0,0,1
1276,1277,,2,1,0,1,0,0,0,4,5,4,0,1,0,0,0,0,0
1277,1278,,3,0,0,0,1,0,0,1,1,4,0,0,1,0,0,0,0
1278,1279,,2,0,0,0,1,0,0,1,3,6,0,1,0,0,0,0,0
1279,1280,,3,0,0,0,1,0,0,1,1,4,0,0,1,0,0,0,0
1280,1281,,3,0,1,0,0,0,0,0,3,2,0,0,1,0,0,0,0
1281,1282,,1,0,0,0,1,0,0,1,5,4,1,0,0,0,0,0,0
1282,1283,,1,1,0,0,0,1,0,2,4,6,0,0,0,0,0,1,0
1283,1284,,3,0,1,0,0,0,0,3,3,3,0,0,0,0,1,0,0
1284,1285,,2,0,0,0,1,0,0,1,2,5,0,0,0,0,1,0,0
1285,1286,,3,0,0,0,1,0,0,0,4,4,0,0,1,0,0,0,0
1286,1287,,1,1,0,0,0,1,0,2,5,3,1,0,0,0,0,0,0
1287,1288,,3,0,0,0,1,0,0,1,1,4,0,0,1,0,0,0,0
1288,1289,,1,1,0,0,0,1,0,3,5,5,1,0,0,0,0,0,0
1289,1290,,3,0,0,0,1,0,0,1,1,4,0,0,1,0,0,0,0
1290,1291,,3,0,0,0,1,0,0,1,1,5,0,1,0,0,0,0,0
1291,1292,,1,1,0,1,0,0,0,1,5,4,0,0,1,0,0,0,0
1292,1293,,2,0,0,0,1,0,0,2,3,5,0,1,0,0,0,0,0
1293,1294,,1,1,0,1,0,0,0,2,5,4,1,0,0,0,0,0,0
1294,1295,,1,0,0,0,1,0,0,1,5,3,1,0,0,0,0,0,0
1295,1296,,1,0,0,0,1,0,0,2,4,5,1,0,0,0,0,0,0
1296,1297,,2,0,0,0,1,0,0,1,3,4,0,0,0,0,0,0,1
1297,1298,,2,0,0,0,1,0,0,2,2,4,0,1,0,0,0,0,0
1298,1299,,1,0,0,0,1,0,0,3,5,5,1,0,0,0,0,0,0
1299,1300,,3,1,0,1,0,0,0,1,1,4,0,0,1,0,0,0,0
1300,1301,,3,1,0,1,0,0,0,3,3,1,0,0,0,0,0,0,1
1301,1302,,3,1,0,1,0,0,0,1,1,4,0,0,1,0,0,0,0
1302,1303,,1,1,0,0,0,1,0,2,5,5,1,0,0,0,0,0,0
1303,1304,,3,1,0,1,0,0,0,1,1,4,0,0,1,0,0,0,0
1304,1305,,3,0,0,0,1,0,0,1,2,4,0,0,0,1,0,0,0
1305,1306,,1,1,0,0,0,0,1,1,5,5,0,0,0,0,0,1,0
1306,1307,,3,0,0,0,1,0,0,1,1,5,0,0,0,0,0,0,1
1307,1308,,3,0,0,0,1,0,0,1,2,4,0,0,1,0,0,0,0
1308,1309,,3,0,1,0,0,0,0,3,4,1,0,1,0,0,0,0,0
